Ru Normalized MALDI Pdt/IS,Pd Normalized MALDI Pdt/IS,Ir Normalized MALDI Pdt/IS,Cu Normalized MALDI Pdt/IS,Ru EIC(+)[M+H] Product Area,Pd EIC(+)[M+H] Product Area,Ir EIC(+)[M+H] Product Area,Cu EIC(+)[M+H] Product Area,a,b,c,d,aa,bb,cc,dd
0.034536996468062964,0.27644821878178677,0.16547736786655184,0.38045928724459277,1282602.56568,295144.60923,1288791.22111,3708143.64265,0,2,1,3,1,0,2,3
0.49193390575374074,0.7243066824600904,0.7827681074797082,0.5704984295012581,4287042.5115,4649440.71747,3608007.99504,3638314.00868,0,3,1,2,2,3,0,1
0.19323593199785452,0.24948229579281206,0.313397837115505,0.26644603983809095,3834431.08572,2969125.1934,3077241.95398,2126466.35997,0,1,3,2,3,1,2,0
0.009553213421718606,0.033945852363928844,0.021055639190501657,0.021659445052990552,69291.54623,78091.66294,32788.00833,0.0,0,2,3,1,3,2,0,1
0.01271647644203197,0.03230913661967349,0.013728169658412753,0.022729709530533576,47079.70808,9132.27515,15688.47562,2568431.54909,0,2,3,1,1,2,0,3
0.0131673381359613,0.01161641695571079,0.015148277982676988,0.00877268526298101,147155.32502,7467.35978,20346.89988,25816.87657,3,1,0,2,1,2,3,0
0.01684001602305443,0.01621746004646709,0.015297770237181126,0.012220133789059352,205997.85542,7543.82421,17765.29634,28342.11538,3,2,1,0,1,2,3,0
0.01568494904037208,0.02009228992125977,0.014686345345084282,0.05884009075310286,45995.78756,0.0,15252.03956,1574072.43131,2,0,1,3,1,2,0,3
0.0387186438507224,0.032032818075011626,0.032712509114558926,0.026743923493509247,385507.47213,22924.45012,232492.29662,400901.1883,3,1,2,0,1,2,0,3
0.039846778597305337,0.016006344222355154,0.021357506091327652,0.10787613767882027,638308.476,2308.8902,488371.95314,2567235.11708,1,2,0,3,1,2,0,3
0.03101416823377172,0.09097542223898065,0.03983748810815409,0.05908223583562302,190977.85013,950889.33939,791935.99595,1522809.92591,0,2,3,1,0,2,1,3
0.12124074273845827,0.2914401740755023,0.1519345901003778,0.4159661504122809,2624443.93924,1850945.3844,2747060.03535,3661415.94411,0,2,1,3,1,0,2,3
0.03980539064863797,0.049888912747500166,0.025725323154838317,0.11138750378110882,504.84361,80002.91431,221621.90006,363963.59168,2,0,1,3,0,1,2,3
0.044569650415573286,0.0597609840858691,0.047614107045168524,0.044100350211973845,0.0,869267.89236,180522.74255,2993712.38723,3,0,2,1,0,2,1,3
0.04041774356134847,0.039654700665441016,0.06148041333556599,0.07127199801880028,1664066.53831,30951.55804,1402740.25764,1496799.81223,1,0,2,3,1,2,3,0
0.041787195450471805,0.10883711141115254,0.03756978056521311,0.03340051575745185,73081.0872,35146.65999,315847.52773,863580.4008,3,2,0,1,1,0,2,3
0.04993047732310651,0.10704285380162522,0.07212013945837258,0.08740884871600076,144087.3746,35225.5918,87549.98981,115127.70807,0,2,3,1,1,2,3,0
3.2522627378310407,5.378548261586827,3.7265701119683103,3.075788558554146,6460093.75591,6714596.46052,5987760.1936,5381331.9955,3,0,2,1,3,2,0,1
15.068650822316936,0.7816119403803061,0.0400631547513022,0.5272942826841293,2158131.1871,4431879.45733,2207647.90498,4772898.4668,2,3,1,0,0,2,1,3
0.0534295652526034,0.20907649827151026,0.02873762830056868,0.09102247617322848,2415480.81501,2061251.93813,2540842.21813,3214337.13648,2,0,3,1,1,0,2,3
0.019485953044313695,0.14421848634724477,0.019100968767677876,0.027152117478684977,424.79638,317953.70482,665.19068,1411.11706,2,0,3,1,0,2,3,1
0.03435382590145969,0.098732486963802,0.022312060315042764,0.06063691493745446,825923.68714,2774793.52246,1946287.72916,3421963.43131,2,0,3,1,0,2,1,3
0.024187069327051443,0.005792913585081671,0.01592717270459587,0.011000954802835429,3595.17616,4391.07895,6140.36693,298101.32938,1,3,2,0,0,1,2,3
0.016237492679767297,0.009476712643450628,0.026958311920507384,0.01584032585773906,2469.89543,24556.28841,238257.00118,161176.29994,1,3,0,2,0,1,3,2
0.024930476473531752,0.005225446908095715,0.045998935869709344,0.10135735497732556,43289.30335,1819.49244,51689.39982,2494583.29816,1,0,2,3,1,0,2,3
0.012162817469501354,0.007485577505449661,0.008038214674280416,0.0059193024749131275,5570.46212,1803.65693,1103.56385,95755.76754,3,1,2,0,2,1,0,3
0.01243265442800596,0.014371678973155753,0.01623778870950122,0.057005210532693425,295815.43328,3386.80374,77141.68402,615094.44221,0,1,2,3,1,2,0,3
0.017412250214320104,0.013270492595053997,0.01780078697362779,0.01306089445480418,2318.3424,1824.15069,1099.05353,5500.15763,3,1,0,2,2,1,0,3
0.03993919926685125,0.24801369159038603,0.04918240122823997,0.24731845905884992,2578944.3615,3598453.3079,2531972.16954,4038469.75907,0,2,3,1,2,0,1,3
0.3859910618309275,0.46888148464282564,0.2925806858626356,0.7530481220928056,2385310.41496,2358916.46941,2437478.78397,1867075.62925,2,0,1,3,3,1,0,2
0.009715496802618646,0.18896811518322554,0.013160087616353826,0.23868611941147388,1520239.06123,3284240.8104,743441.59994,2756085.25986,0,2,1,3,2,0,3,1
1.32171576713447,1.1035598548357939,1.139206240449669,1.1687314015705081,5742088.68776,4242549.26575,4227489.97263,4362428.98624,1,2,3,0,2,1,3,0
0.01693467267918422,0.10235848592917808,0.4755071044301552,0.035733907330795414,227602.18571,2762475.87449,1876821.94466,3237357.08741,0,3,1,2,0,2,1,3
0.045998210739416845,0.18221396443831522,0.11343395232514299,0.10312215742862324,1465784.94128,3873488.03537,342455.03887,3707721.883,0,3,2,1,2,0,3,1
0.06671765975732703,0.16221838970234578,0.02028529291132146,0.02224251774238464,2167531.67604,1773478.06194,2356082.85426,3876295.60116,2,3,0,1,1,0,2,3
0.00814275016439419,0.009523867960513735,0.02937459542967921,0.014227773627436026,0.0,375419.47906,14590.04821,46675.74897,0,1,3,2,0,2,3,1
0.005472722906097061,0.00210281313498541,0.005560336850083165,0.0028073809857217347,655.88967,802.47727,612.13925,5496.07212,1,3,0,2,2,0,1,3
0.0032846067151662767,0.00828177698046685,0.013613397655820054,0.563599840056492,0.0,0.0,43327.57101,3055407.37124,0,1,2,3,0,1,2,3
0.02392643724525147,0.05054879758473637,0.04613104943798301,0.010018108260379415,1999771.10427,2600403.39045,2150389.1461,2736480.62534,3,0,2,1,0,2,1,3
0.05653247248688844,0.2110332554953559,0.20708151627373855,0.1751004795468564,1740555.37243,1327852.7561,2407024.11536,2205571.84959,0,3,2,1,1,0,3,2
0.011072810577842263,0.001388643809026952,0.017574204609404207,0.0028798594133897914,36918.38455,0.0,23517.72319,73000.62844,1,3,0,2,1,2,0,3
0.42446023819922946,1.6797335136411127,0.7753858481894378,1.0737431258457253,2893039.88008,4525686.93962,2900098.00329,3797812.78048,0,2,3,1,0,2,3,1
0.011983634375662713,0.19445364653703584,0.023556556205569238,0.5086605270139092,103512.85367,1460067.03276,24094.40265,3659555.8065,0,2,1,3,2,0,1,3
0.005417474916683708,0.0024246218455776323,0.0050424535309193715,0.006503464045182953,0.0,1892.61175,0.0,25689.50123,1,2,0,3,0,2,1,3
0.005944363508279088,0.0011702947246751735,0.005444647133897565,0.04107270304619473,0.0,1235.68757,3459.7265,1458827.77067,1,2,0,3,0,1,2,3
0.0076654580870919335,0.08127877447563832,0.0045722399371953045,0.0165586006917592,868.89618,3797.55491,1808.73403,352590.52327,2,0,3,1,0,2,1,3
0.004531331813887752,0.0024675716132196448,0.00646368569134134,0.02269355110054303,1684.74057,4801.7666,2257.7528,272924.41166,1,0,2,3,0,2,1,3
0.030835410090269702,0.025973839716202683,0.06627232990584528,0.3926053308144935,200405.57721,152357.13897,794958.47674,2258817.13105,1,0,2,3,1,0,2,3
0.003423855670130861,0.005614466239530875,0.0035010702947865227,0.004342088046534741,561.77053,1765.56395,0.0,78947.62292,0,2,3,1,2,0,1,3
0.8846860063797218,0.1749776654537148,1.121507889788033,1.4363794387630324,3786032.81799,800405.50009,3701613.90166,4726264.11003,1,0,2,3,1,2,0,3
0.1250220421575079,1.3896708719074449,3.9275753486279803,0.025915774834212448,42396.99007,5003288.58417,93251.06739,27938.02223,3,0,1,2,3,0,2,1
0.02427756729438184,0.5346229069872996,0.050480483179878355,0.8280001651415724,80204.2108,3299731.36015,513340.80667,4241705.56696,0,2,1,3,0,2,1,3
0.7375274259203973,2.3504516515937652,1.8360635426908591,1.9377841997378944,3355100.84648,5297601.21883,3682817.70959,6282331.51249,0,2,3,1,0,2,1,3
1.4667439642274713,17.87353386770351,1.5776687162488552,0.6434714172959727,3953492.59107,7175601.30361,3533155.86825,1190887.62967,3,0,2,1,3,2,0,1
0.5618171421281428,1.255168614123707,0.6772565102555262,0.7848319838250547,4368389.72599,4662573.15926,3837883.8632,3547138.42624,0,2,3,1,3,2,0,1
0.44554422924651915,1.8977070721992457,0.10300257181054571,1.1597943940664939,2320443.90594,4263374.55125,233000.65453,3879440.07902,2,0,3,1,2,0,3,1
0.28101732326320067,2.7744031896796293,0.5978899194363536,1.1943041224805582,1817311.52843,5057877.69148,1766511.78651,4893741.83875,0,2,3,1,2,0,3,1
0.004166070249800229,0.0,0.005647315769973285,0.002270637484581122,7580.07326,2510.66482,3521.53961,36123.1429,1,3,0,2,1,2,0,3
0.12059504661170388,0.6495938510164124,0.15164564929769567,0.6241556995667032,1907209.53883,1571340.60443,1903553.93486,3276148.58657,0,2,3,1,1,2,0,3
0.32154591069692107,0.14548895908580264,0.5058989626136396,0.9009700822259352,1809075.29378,321734.57533,2101122.53539,3866169.03971,1,0,2,3,1,0,2,3
1.5448359589256433,2.5389555119307925,1.8763860782365163,1.7032963477127134,5583318.41878,8016421.68743,4524878.93427,5633532.4254,0,3,2,1,2,0,3,1
0.039310331913689545,0.3736701775798487,0.03660787570277488,0.34416898323907835,1885348.40348,772045.41813,1403163.61389,1129950.65341,2,0,3,1,1,3,2,0
0.9927796958031911,1.771463984434887,1.3957082825910114,1.226589321364044,3729451.75124,3924079.65097,3161502.3739,2745423.31514,0,3,2,1,3,2,0,1
1.0080514038148614,1.7142811923566592,0.801796727821934,0.6693555013120029,3238521.14383,3510097.81574,2862038.05618,2937039.11933,3,2,0,1,2,3,0,1
0.013092076414239233,0.004190298567584552,0.004656707476760512,0.02522288169137258,26977.60694,80834.07078,6798.90259,1915917.72884,1,2,0,3,2,0,1,3
0.0012948756203644055,0.16250526865853776,0.0,0.008969779098616808,0.0,1234929.99131,0.0,10155.98875,2,0,3,1,0,2,3,1
0.027684135197998182,0.03313941897235822,0.08344354105757334,0.2860044567299826,0.0,80823.23664,7693.3515,1817488.47324,0,1,2,3,0,2,1,3
0.03584483635256125,0.03329523482470991,0.09776398855282531,0.7599648856057486,1048811.56773,109193.38964,1888022.61094,2547673.05724,1,0,2,3,1,0,2,3
0.007102739616066759,0.06371599030443396,0.01346330690937745,0.020451273247232532,31747.27199,49742.78528,46322.62179,259330.57906,0,2,3,1,0,2,1,3
0.014772423855980075,0.03694531206882278,0.02969847134474993,0.8440479429612786,56398.91411,81126.10482,143405.08505,2043612.72033,0,2,1,3,0,1,2,3
0.0042771125903813545,0.019299037649860948,0.0,0.007404294267124966,120708.34903,1821005.47947,124889.28455,696169.27747,2,0,3,1,0,2,3,1
0.11760053965291922,0.990265545597516,0.18233199084242874,0.7481328255768906,1571206.18379,4204090.93929,1802553.65954,3673278.44132,0,2,3,1,0,2,3,1
1.2963732565074153,0.4020891879846773,0.8163157321622986,1.3462324126809373,4006140.8351,4416195.99371,3797516.8636,4376748.38422,1,2,0,3,2,0,3,1
0.17952622202164534,0.2607931844716015,0.15759638066752196,0.17077812305335738,3700933.97171,3268288.936,3512041.11067,2939335.35475,2,3,0,1,3,1,2,0
0.2834015072561552,0.7023407871043356,0.23321869855956315,0.5904252980077607,4116576.78163,3419933.4318,4238359.20319,4421177.14373,2,0,3,1,1,0,2,3
0.31828241756114983,2.37169977811758,0.5509248786065384,1.630139253253117,1613372.3249,5122168.14061,2003740.1296,4195654.17604,0,2,3,1,0,2,3,1
0.443629886252473,0.009625468585829999,0.019960793908927195,0.018916996162644598,69995.23077,67311.01719,63708.92525,17098.97343,1,3,2,0,3,2,1,0
0.08226614090658876,0.006675673606782445,0.005534200048012456,0.322721317843686,15352.72875,96831.46089,0.0,2786545.75524,2,1,0,3,2,0,1,3
0.0176484079267965,0.011098906665645282,0.038660418319465206,0.014387745093253862,9738.95945,148373.40585,3293.09075,586003.27876,1,3,0,2,2,0,1,3
0.03329099667983562,0.015789285409974405,0.024110403098072702,0.22792846836309005,887824.8235,141965.68685,114471.05048,2549324.01537,1,2,0,3,2,1,0,3
0.003732415459672957,0.0027504011001604402,0.00613660805842483,0.0031103182710378765,42935.07943,64183.17576,12972.81351,16604.33593,1,3,0,2,2,3,0,1
0.0,0.054424748806384954,0.0,0.014118908884769922,23452.90208,1967281.38304,415532.84066,1219874.68894,0,2,3,1,0,2,3,1
0.011048285649301971,0.04111447453920154,0.008427138195546779,0.026687667298860254,0.0,212212.72867,0.0,1851058.25966,2,0,3,1,0,2,1,3
0.2993274120597127,0.7314912091004555,0.3155482219233783,0.49558808366429435,3121556.62786,3792612.71285,3550069.84537,3009604.38885,0,2,3,1,3,0,2,1
0.05114358297502418,0.8040067668132926,0.1280319348499676,0.7235742812560207,822307.89223,3401687.93901,1328778.94761,3710366.94435,0,2,3,1,0,2,1,3
0.015446660534431791,0.026709197021082556,0.009868603389632523,0.0064021400608407445,9916.37134,1557.22609,2264.45205,411.12729,3,2,0,1,3,1,2,0
0.02207564089062975,0.24673735040733086,0.07353552446376427,0.2533747278140972,1787346.10216,3290773.39111,2324747.68743,3777657.83841,0,2,1,3,0,2,1,3
0.013569304500967173,0.48623061551419466,0.05909876954006511,0.6918392366593407,463280.91382,3769504.27024,1317364.56145,4571213.60987,0,2,1,3,0,2,1,3
0.01594345191031685,0.004508969220843208,0.011758078966164175,0.203034685823504,12296.16948,8992.69447,8495.86244,2323002.41087,1,2,0,3,2,1,0,3
0.0468573662754929,0.6366305046580022,0.10249549094961001,1.2170170862523009,579550.1781,2767819.69257,1658429.37747,5394711.35211,0,2,1,3,0,2,1,3
0.034596826865961404,0.3003578633665845,0.08889646122535604,0.3033835746673344,1382.83218,2536332.07353,29700.45569,2420764.6741,0,2,1,3,0,2,3,1
0.15204227005956947,1.0971834285112063,0.8150351612031718,0.8428152666815867,1100702.37335,4313520.98445,2803441.44584,3023884.21319,0,2,3,1,0,2,3,1
0.011162272379816138,0.003982481379447541,0.011021595725005022,0.013196910880800628,13618.41766,49699.65005,136647.79151,36505.017,1,2,0,3,0,3,1,2
0.020554700425289524,0.30238976519439204,0.07607531505986977,0.48639618453920674,377740.00741,2040702.23639,1557151.35493,3475819.43262,0,2,1,3,0,2,1,3
0.07462550901687028,0.03633765268710273,0.029353133714173068,0.12700005677129314,233044.31225,0.0,298998.55532,135314.49245,2,1,0,3,1,3,0,2
0.0824172889508475,0.235517450442755,0.07285314990547259,0.26577718136779654,2361823.04911,3951856.21807,3307407.43716,4465681.54899,2,0,1,3,0,2,1,3
0.0,0.30576899364682136,0.0,0.36383409703760905,79235.10205,2396507.8355,0.0,2053989.42284,0,2,1,3,2,0,3,1
0.0048669842650475685,0.016046825811405017,0.021254025428973186,0.012797886850863405,2464.92358,141581.7471,0.0,87457.81232,0,3,1,2,2,0,3,1
0.04240121491807284,0.03733011105077102,0.047409489543512484,0.13122730317667383,1932939.19156,3023263.68691,1953201.30291,2368542.19719,1,0,2,3,0,2,3,1
0.06747795721177424,0.09194750869110535,0.051267619130831825,0.13836639490539088,1849215.89456,2455958.5334,1647388.45882,2913012.95159,2,0,1,3,2,0,1,3
0.0034253547444360066,0.0,0.0,0.010318266581776063,4724.23285,57332.21575,902498.31884,1629518.51047,1,2,0,3,0,1,2,3
0.0033227821506278984,0.003914203162862097,0.0037490641986828257,0.016227383594967754,0.0,0.0,0.0,63777.96635,0,2,1,3,0,1,2,3
0.004093903598246761,0.004165370667857156,0.0031589719655407407,0.5399711007993937,421.97861,39324.42149,0.0,3775345.40702,2,0,1,3,2,0,1,3
0.0045120506337907726,0.006969833123186085,0.00809797968382017,0.4391702146141747,419.6946,87192.80756,0.0,3949852.12317,0,1,2,3,2,0,1,3
0.006218042143394938,0.011892947528899918,0.003972196398624691,0.41368581451459396,298.89846,501105.10217,0.0,4212231.74646,2,0,1,3,2,0,1,3
0.0034639442446192568,0.04058400376580404,0.009992792178659197,0.22290505120709328,276.3971,1227325.63866,149061.53078,3488813.134,0,2,1,3,0,2,1,3
0.010949686631210804,0.13959434354611777,0.018394503258288075,0.28524925928360767,36628.65151,3700871.15544,219113.44104,6303578.47136,0,2,1,3,0,2,1,3
0.011236573162399755,0.11128518545820988,0.037604980732098066,0.226894773558524,90442.83026,3565886.0605,305893.91585,4586988.33866,0,2,1,3,0,2,1,3
0.013216805767858369,0.20654586127316324,0.019555429689577332,0.1284206412939106,1014087.97781,3073720.82151,977849.58253,3351891.66185,0,2,3,1,2,0,1,3
0.007828827482530117,0.006680715911069484,0.009582895431960451,0.030353019791407275,0.0,93004.88348,10259.46705,217619.1067,1,0,2,3,0,2,1,3
0.013703884380259575,0.017143062680999965,0.03864559573059247,0.323343935784378,0.0,9011.20759,49243.45784,1919363.89113,0,1,2,3,0,1,2,3
0.02030853694962461,0.012998242001050571,0.03299974676113459,0.04888898050472309,0.0,58225.34796,17136.58014,725150.32444,1,0,2,3,0,2,1,3
0.004365791278862723,0.00971516489933792,0.005362954007630869,0.0052017558438673325,0.0,791880.22352,0.0,121490.41493,0,3,2,1,0,2,3,1
0.005702693111181845,0.004464429134665129,0.003694996975694015,0.014285434667456121,71983.57105,106030.60629,35636.82492,1100307.48171,2,1,0,3,2,0,1,3
0.009633519290117938,0.007100061637789317,0.0029112417429729663,0.0063279031905128244,0.0,26438.14801,0.0,10080.68683,2,3,1,0,0,2,3,1
0.01247693043383568,0.0786978517282957,0.027449724239626452,0.09720424769975358,23343.98156,821471.1392,29445.08606,1147503.8658,0,2,1,3,0,2,1,3
0.011920612118366113,0.3322003026743968,0.023228666328395195,0.09594513650408104,49286.9212,3933339.89949,4518.4648,2867782.3348,0,2,3,1,2,0,3,1
0.3786309518949767,1.8987052759859522,0.3215806237412149,1.8533235035498574,2979593.54182,5740763.93199,2325534.37716,6063507.0768,2,0,3,1,2,0,1,3
0.07963504791163908,1.0314117462562247,0.22004345000932454,1.0138530428455628,1595470.70156,4997925.7708,2367474.41921,5004515.89356,0,2,3,1,0,2,1,3
0.46867036099420434,0.9958917774874686,0.5580941112475812,0.8557558774617627,3611405.87089,5425904.249,3184706.11565,4430307.09006,0,2,3,1,2,0,3,1
0.276181984063819,1.0380655925923297,0.21068231678389784,0.9204852271787081,2401683.60412,5348872.76355,2556722.28957,4802879.06403,2,0,3,1,0,2,3,1
2.478024101089269,4.407331920034695,2.024015909047733,2.777379354028916,5436152.66692,6547882.22349,3458083.10669,6475996.56471,2,0,3,1,2,0,3,1
0.1372815587834107,1.2310585372498155,0.08104268073138443,1.074621288105514,1765527.50649,5478711.29152,318622.52659,5323645.36772,2,0,3,1,2,0,3,1
0.29857298027652673,3.086348998417117,0.309209749822817,0.6945472973722315,2107099.07845,5722249.31863,1475238.69524,3719528.87299,0,2,3,1,2,0,3,1
0.19648450881604446,0.7717038505370901,0.24985083069865477,1.2393125014963216,1246374.42651,3754249.12123,1296493.58923,4867716.98122,0,2,1,3,0,2,1,3
0.013906968249835828,0.9620482393791334,0.03100340070833934,0.7249343760494368,0.0,3664502.57485,15031.95157,4324225.11255,0,2,3,1,0,2,1,3
0.025397334292273747,0.02251547438964768,0.025689429888763726,0.04513139545516895,87611.50069,0.0,15683.05539,96417.59856,1,0,2,3,1,2,0,3
0.08123072785564872,0.7144785781314148,0.03987749683930725,0.16383308479924458,762934.35443,3260239.53057,996956.01284,3441956.78686,2,0,3,1,0,2,1,3
0.10454052766145581,0.8969924515256192,0.03364630487117979,0.6566969537468729,779596.38609,3723481.74726,318647.053,3128989.55978,2,0,3,1,2,0,3,1
0.023085372341624624,0.44942949442157065,0.009463859389362388,0.15031050010154665,582592.9384,4153586.21792,60800.04019,3870602.88229,2,0,3,1,2,0,3,1
0.004135490867080618,0.004400128097465118,0.002550526359473779,0.0,25129.0326,153205.45079,5523.95697,113387.55067,3,2,0,1,2,0,3,1
0.0035446082119830625,0.0015910864597042933,0.002750004528992966,0.024292336367751247,32612.18153,10017.22133,15665.1677,821676.61339,1,2,0,3,1,2,0,3
0.015713759855098763,0.4761929525315139,0.01412313668787717,0.21967005915551877,474090.10339,3601319.0382,36683.57214,2879127.76043,2,0,3,1,2,0,3,1
0.015294901882896509,0.03426303322332508,0.018097465027474273,0.07518643303466588,3643.35412,1485.5272,83027.16742,429055.31005,0,2,1,3,1,0,2,3
0.5777924696460895,0.06371088001859597,0.17760851091984536,0.8624062816424545,3067866.51545,4294.83096,2420045.68003,4407543.61374,1,2,0,3,1,2,0,3
0.038338933564597055,0.20950546517583968,0.04526798310587661,0.16759986330692786,49579.29055,3237173.76126,91349.13297,2942082.20029,0,2,3,1,0,2,3,1
0.052233625686404335,0.5864040522361788,0.03918922876532359,0.609582394415207,921722.09829,3186459.96865,116609.90403,3979217.66158,2,0,1,3,2,0,1,3
0.0942669505296172,0.15354871053107383,0.1030945775466157,0.2652734594916203,1835726.71763,959547.41105,1232378.42916,2433458.05507,0,2,1,3,1,2,0,3
0.04925508809760186,0.010386797084713881,0.020127165779811194,0.3228047433446324,0.0,59929.01287,82387.42525,2657676.38962,1,2,0,3,0,1,2,3
0.020725406244601598,0.13393099032848582,0.03005541707311668,0.3035525263764939,0.0,894803.32925,348702.70246,3017011.89709,0,2,1,3,0,2,1,3
0.008870060341730747,0.3067016506120127,0.016150524549431212,0.19348982312534738,27052.12468,98625.24071,17313.81894,2381672.7507,0,2,3,1,2,0,1,3
0.016592663087859217,0.002369598281992399,0.02967530756791632,0.37446934773863055,0.0,1612.29124,42172.67466,605913.13766,1,0,2,3,0,1,2,3
0.012171419841053948,0.006187166241210234,0.011785422491773941,0.03602274767318564,0.0,1115.19966,0.0,44382.03553,1,2,0,3,0,2,1,3
0.012637609269477414,0.009278580912105002,0.02160065041135766,0.28967567698377533,16371.41531,28333.37854,24433.64502,2430325.28117,1,0,2,3,0,2,1,3
0.025266306676111017,0.0026010285644567943,0.007147330337069168,0.7159481362238078,26070.59156,6972.08978,11526.89629,3624558.30522,1,2,0,3,1,2,0,3
0.053647168999744095,0.7061251832564978,0.0032507952918056676,0.43389502753359543,0.0,3905533.06201,2809.06788,3949174.4961,2,0,3,1,0,2,1,3
0.022268410225750022,0.02153795302244734,0.011059409171392568,0.036370163955591214,236870.62065,500379.98494,95224.53305,224695.73304,2,1,0,3,2,3,0,1
0.044970692915262386,1.2895744995080045,0.02853144235889393,1.0759423041387832,335858.97085,1826835.3522,231196.05168,2155834.02242,2,0,3,1,2,0,1,3
0.12183820322721327,0.019126795643297063,0.14018666971051266,0.010047729406252854,1253017.21407,1996531.79489,1399347.29302,1256245.75637,3,1,0,2,0,3,2,1
0.009806676630659561,0.0034026603404313264,0.004207765529287308,0.010674517641654682,4939.14664,7690.77439,765.04169,132079.08812,1,2,0,3,2,0,1,3
0.008195388936946043,0.3796333268140255,0.005420262177863203,0.717731389024868,11292.75894,2390221.42334,0.0,3843119.56667,2,0,1,3,2,0,1,3
0.01128643069536963,0.0,0.03388314848168863,0.25185523678081284,122269.24508,10540.90247,446488.245,1354178.96419,1,0,2,3,1,0,2,3
0.49840925553917403,0.014440163670774523,0.5852996965730406,0.04518407630807405,0.0,12243.71795,30232.28167,222021.58951,1,3,0,2,0,1,2,3
0.05272174487211334,0.8750479547895513,0.04623370844324858,0.4258391827046525,571786.19985,2860393.01284,990019.56722,2493479.87657,2,0,3,1,0,2,3,1
0.012013669536470683,0.005383054563106773,0.015548608971273926,0.006115415882380351,7582.39832,0.0,761.94976,5400.80543,1,3,0,2,1,2,3,0
0.0283951661910293,0.4303879640706109,0.23365236037316453,0.4266057936619671,1001166.54704,1434319.62144,1874629.93329,2488440.69286,0,2,3,1,0,1,2,3
0.0,0.0,0.026803386119614664,0.01868756239122125,1799893.30973,135255.68872,2151552.41691,479764.17761,0,1,3,2,1,3,0,2
0.019342887753186076,0.008865742446418646,0.0,0.055995154374756384,19756.0097,1129408.35516,12311.11428,2343182.1944,2,1,0,3,2,0,1,3
0.11701777639462771,0.43056917789391325,0.32877847439448793,0.016335589362022198,1065426.42846,2844415.26072,2694995.59829,58865.00145,3,0,2,1,3,0,2,1
0.02744427959086227,0.9839970501549857,0.032290915302366545,1.028652056527489,14316.76671,3467523.03395,70641.48789,3264594.73487,0,2,1,3,0,2,3,1
0.0,0.013312040371325568,0.0,0.015251707625367655,5127.91634,558892.25748,3632.62281,1267608.83306,0,2,1,3,2,0,1,3
0.0,0.0,0.0,0.0,376951.34627,312316.25349,490625.02348,263774.78926,0,1,2,3,3,1,0,2
0.0,0.0,0.008349259978099386,0.0044016415465300465,13201.59226,4412.99244,10947.12958,99500.94316,0,1,3,2,1,2,0,3
0.00395151773104529,0.004091977448194814,0.0,0.00349718808945669,20353.51905,15306.49327,27709.11029,397967.76698,2,3,0,1,1,0,2,3
0.0,0.0,0.005284382564400689,0.0,32979.6111,4879.40044,20450.28626,1835.80973,0,1,3,2,3,1,2,0
0.004322659975705225,0.0,0.004501785520979001,0.0,13919.61006,4586.0798,0.0,18259.79392,1,3,0,2,2,1,0,3
0.0,0.0016912123808585785,0.0,0.0,6544.41961,2452.5905,14383.16666,245954.23248,0,2,3,1,1,0,2,3
0.0042710054223509385,0.10298985246967587,0.006255899420190752,0.05697294980248374,8054.2927,2089216.24796,852.13812,1371918.07545,0,2,3,1,2,0,3,1
0.0,0.011357316192972417,0.0,0.44818293348072824,3167.44275,155318.08452,5868.77463,2176525.74157,0,2,1,3,0,2,1,3
1.0758359485572229,0.015229668360261135,0.2329145972044019,1.313441801280629,4735489.8515,1947.04467,3893861.6734,4186314.32076,1,2,0,3,1,2,3,0
0.1955764956938344,0.18615444262368439,0.806847846399424,0.40062421352911776,1522332.42062,497358.73597,1955810.98038,531289.8318,1,0,3,2,1,3,0,2
0.022970865827189182,0.0,0.0391217854392801,0.0032220842988497445,13778.31576,29626.36395,56343.22851,50463.02566,1,3,0,2,0,1,3,2
0.004148657511468775,0.0,0.0,0.0,474192.14767,7791.4938,162646.57282,31882.17206,1,2,3,0,1,3,2,0
0.0,0.009020791825060201,0.0,0.04985391012219501,9181.93372,66156.36383,4950.3725,265970.92812,0,2,1,3,2,0,1,3
0.0,0.0,0.0027356890766433565,0.0753438075049964,15583.54186,1456.531,73126.29433,2690558.206,0,1,2,3,1,0,2,3
0.01062239608179881,0.07461643543234779,0.011477513008041255,0.0658258837996186,489837.38059,2705547.44784,632006.68937,2706036.10206,0,2,3,1,0,2,1,3
0.010345474953165755,0.0,0.006301953363360725,0.0,0.0,3201.39182,0.0,25785.594,1,3,2,0,0,2,1,3
0.0,0.0,0.0,0.03257399850957868,0.0,5502.10242,11900.73662,143165.42498,0,1,2,3,0,1,2,3
0.0068218978052149715,0.00964518187687139,0.0,0.0,2280.95389,89308.33524,515.10029,40967.13504,2,3,0,1,2,0,3,1
0.040621806769128105,0.013724232531211638,0.10295040016056599,0.0,38395.9761,2752.94639,56757.50758,1640.94521,3,1,0,2,3,1,0,2
0.025189803876212346,0.0042039381755481255,0.22256375121787667,0.11686548152183492,867475.24374,79701.6923,1026932.09519,784389.57192,1,0,3,2,1,3,0,2
0.05193231359754234,0.0,0.0778043415132843,0.014592681290050926,409148.37103,8588.06761,518282.60738,180563.63853,1,3,0,2,1,3,0,2
0.006851065355410457,0.0,0.00399897798292828,0.015962252149709706,11189.38127,31715.35681,6153.25958,19025.91522,1,2,0,3,2,0,3,1
0.0,0.006726750336006757,0.00816308964083575,0.006748305207578876,47911.66784,1226299.48727,49065.57179,1260998.12253,0,1,3,2,0,2,1,3
0.02140578904250307,0.014690664381170048,0.0,0.04601243090516994,10054.71117,51771.24397,9251.65389,422354.32712,2,1,0,3,2,0,1,3
0.13791852932734533,0.023613647563556252,0.058288444656644844,0.11222180356773302,454408.95804,19025.01907,252340.32654,262810.65837,1,2,3,0,1,2,3,0
0.05751565213361217,0.621032719501085,0.03144093708382122,0.7896518234583801,2205879.67678,3501089.53927,576854.25462,3578689.92166,2,0,1,3,2,0,1,3
0.01080597930855073,0.0026242037942409016,0.0067076048856141365,0.0065573941217774295,123616.01225,3170.12303,70756.67936,82791.03823,1,3,2,0,1,2,3,0
0.0,0.0,0.0,0.0,307264.31327,18890.9639,107394.98011,632728.40595,0,1,2,3,1,2,0,3
0.0,0.0022720029190362603,0.0,0.0671949721703054,18219.56556,0.0,11007.56441,302840.42177,0,2,1,3,1,2,0,3
0.05227684593511505,0.6784169105763304,0.021614265605350225,0.10639672789198394,760492.13555,2997051.55094,351915.32735,39651.60726,2,0,3,1,3,2,0,1
0.01803361608051759,0.026310454273803425,0.013584708274215807,0.25811419686117354,350209.88331,493826.50222,583350.33068,1976702.21017,2,0,1,3,0,1,2,3
1.0934104939390155,1.4709981055872576,0.4406065690040934,0.33997396210744396,3385184.84652,3821140.479,2027139.9774,1273672.58551,3,2,0,1,3,2,0,1
0.7415570124762194,1.4048853135667654,1.3135041917188546,0.022124529897833974,2006783.72322,3397048.06004,2658111.20202,144294.21296,3,0,2,1,3,0,2,1
0.8571194233642453,1.5181692685341592,0.5369073688837934,0.10654216835304482,3210487.41729,4047496.29494,2173882.17971,1369079.14142,3,2,0,1,3,2,0,1
0.03003641624296907,0.47102841909874293,0.013628291158032234,0.02103985637002534,261561.95411,3824741.62724,108612.29522,447037.73623,2,3,0,1,2,0,3,1
1.2411615144304746,1.7647693742549777,1.0920423703524764,0.544158308264885,5350322.57642,4937004.56618,4650478.96523,3173998.47487,3,2,0,1,3,2,1,0
0.6664887582566072,0.8778642257873968,0.4907605052603555,0.337014487908544,2212274.65816,3277518.47616,2052259.80247,1491103.56393,3,2,0,1,3,2,0,1
0.7820649452836974,1.2884945881197591,0.5927055581179792,0.47161171843304733,3588488.22154,4368739.40771,2525200.03638,2218193.17442,3,2,0,1,3,2,0,1
0.6782342790349033,1.9743954074623025,0.3077233180931476,0.19638604989685254,1725680.69978,3221147.94869,381853.91169,414597.77279,3,2,0,1,2,3,0,1
0.05021187294352811,0.11943421693394249,0.03663061499987944,0.15248073578728194,803222.24793,4125533.24453,206894.62646,2515393.26534,2,0,1,3,2,0,3,1
0.010631813434858644,2.0300342079645377,0.05576819291063954,1.7606618157362728,77468.49616,4947875.45732,27202.28362,4399355.33012,0,2,3,1,2,0,3,1
0.12859323102297285,5.351983222179288,1.1135698682399187,0.904678093857283,49044.96252,4820878.76638,2612118.61007,1657253.84572,0,3,2,1,0,3,2,1
0.14447635247924884,5.104125734142845,1.243450496463702,0.7262400767689734,102137.16494,5539425.86216,1694949.79953,1614398.41993,0,3,2,1,0,3,2,1
0.013446136588633603,0.9320197081871073,0.6350960104072916,0.3577226556337562,0.0,2950326.16616,2604032.61997,1827240.82044,0,3,2,1,0,3,2,1
0.017062910412111432,1.5506851852943482,0.0351030742034979,0.9675612796103272,2372729.30374,4222031.44131,3368878.01113,3178420.70859,0,2,3,1,0,3,2,1
0.027757632538858913,1.7027932337897735,0.2851882761444659,0.9166559501329355,78023.81545,3842938.46028,310890.22295,2839717.80587,0,2,3,1,0,2,3,1
0.2926584827164224,0.9258115077341887,0.255001509520341,0.01909241098516782,765084.27952,2718415.44985,271910.73837,126938.47707,3,2,0,1,3,2,0,1
0.006583873906226357,0.00280864967527503,0.006745739084731246,0.0024986547023721794,82570.06376,1415.16784,41541.96463,1200.4176,3,1,0,2,3,1,2,0
0.7336166371717509,2.9254373611433975,1.2225806962319388,0.8632197258328216,2721250.14722,4973061.59119,3488791.98777,3160725.98532,0,3,2,1,0,3,2,1
0.02605422965498998,0.34145869951746366,0.012869412087589266,0.3249683548697283,100336.5685,1861260.12118,41911.85278,1775576.49996,2,0,3,1,2,0,3,1
0.16082034285793942,2.909597937159775,0.5359079067029263,1.3211846839899186,1664348.36247,4756978.9004,3222021.13149,4474979.78762,0,2,3,1,0,2,3,1
0.008564487001260246,0.0247568416151262,0.13255486675853753,0.8298349451039809,2801.40148,35989.11973,896595.61517,2788240.24806,0,1,2,3,0,1,2,3
0.014437593200425591,0.4231002474948981,0.007611893881029222,0.3341852224237614,75440.28546,1262677.63755,23018.92149,2251478.76355,2,0,3,1,2,0,1,3
0.007662981440322545,0.19039608514895703,0.00988021782433715,0.03629397555932656,23385.86384,2355002.74607,9340.08377,743168.3135,0,2,3,1,2,0,3,1
0.6371627122034469,1.775485662050752,0.6944781938009119,0.5394171831838245,3004425.48185,4715304.05329,2534274.96471,2377925.7958,3,0,2,1,3,2,0,1
1.0350891293063467,0.010821881814397178,0.6637292383673744,0.3979289931833894,5023358.71227,2859.96752,4150259.22147,3680468.71156,1,3,2,0,1,3,2,0
0.011123190714096348,0.020273191292856547,0.009822185418259886,0.01877927128356005,126759.26524,794712.46237,78043.01204,912512.33543,2,0,3,1,2,0,1,3
0.09323812805745427,0.21489575906573044,0.15762625437621072,0.5476943607391528,907053.99504,778009.74732,591298.69735,2113604.73266,0,2,1,3,2,1,0,3
0.8900124115078082,2.2805171199928194,0.6983662454633736,0.5729402967297503,3148586.03752,4513581.15076,2324851.04681,1803429.37165,3,2,0,1,3,2,0,1
0.04463847148318649,0.8379916961418008,0.070995095745967,1.0877433717448526,148566.04337,2605598.03467,338823.17725,3486053.90108,0,2,1,3,0,2,1,3
0.3289141187453994,0.5011079468320266,0.40152889816364656,0.20891503154199573,1777880.06924,3866279.62758,1680343.81239,2147833.60364,3,0,2,1,2,0,3,1
0.5408722590495117,0.7966515004873613,0.4278513910798297,0.48916740775223694,3800931.58879,3573131.32498,2809506.86816,2839753.24862,2,3,0,1,2,3,1,0
0.06079577033179541,0.22962285008050656,0.14383521842453967,0.883379259456117,1822156.5927,1554370.80869,1243241.30043,4138398.37639,0,2,1,3,2,1,0,3
0.003132598426691593,0.00813976221813311,0.0038678573023868774,0.0,13878.01345,17728.00029,75005.16049,2151.28487,3,0,2,1,3,0,1,2
0.026357596070801365,0.031691826418657455,0.011997325655808468,0.25418248849225944,176238.05201,514833.34489,19317.76195,1612221.08538,2,0,1,3,2,0,1,3
0.0057534003743725136,0.0025670965039222395,0.004226105255894986,0.0030520922198142247,20099.0206,29663.5979,0.0,515.30451,1,3,2,0,2,3,0,1
0.37889844062375044,0.6791897123195003,0.3456317772925914,0.7109323331585532,1834265.28195,1768731.75895,1063478.12846,1976430.11947,2,0,1,3,2,1,0,3
0.007875292483099596,0.3786525011853959,0.013312492753247892,0.009800650159340884,4489.06482,1326624.59234,997.85719,2263.17995,0,3,2,1,2,3,0,1
0.7662516165160858,2.9011852477422697,0.7174614920864418,1.3591328172760253,1227960.81694,2843971.62984,1116919.97904,2646264.11435,2,0,3,1,2,0,3,1
0.004368748713595436,0.11923159570409288,0.005485224908891052,0.0039005386601583297,0.0,445879.36719,11734.03742,7462.90406,3,0,2,1,0,3,2,1
0.008839819540750627,0.023195004545167566,0.0023471846374660825,0.0025771836062703775,247.85513,0.0,703.19439,985.51253,2,3,0,1,1,0,2,3
0.004854052023626468,0.10417889413210506,0.006503433821781487,0.0,695.67722,51893.29262,6469.16175,1074.95682,3,0,2,1,0,3,2,1
0.01019552826007097,0.024863520563569465,0.017116256239354893,0.007051551831355724,1537.90463,2481.24215,1593.62865,3332.16618,3,0,2,1,0,2,1,3
0.5310761644421785,1.232761041417584,0.7963024944124786,0.7441186680216244,2234676.42876,3308835.15223,2382881.15343,2162925.19666,0,3,2,1,3,0,2,1
0.21541665639581872,0.5176048824249884,0.093229124282316,0.17892543256549004,1558825.64457,1760153.07615,671963.8851,2008351.78323,2,3,0,1,2,0,1,3
0.2654902055414676,1.262446943644081,0.07807106121379016,0.9204101498927009,1697843.21975,3387432.81731,332944.81811,3015537.3067,2,0,3,1,2,0,3,1
0.6114152281852108,0.9890025174327742,0.7531848323897972,0.6400512955422195,2675399.68521,2770017.63969,2336659.89955,2306973.15417,0,3,2,1,3,2,0,1
0.024559203066965473,0.09637028252786325,0.04495018002347144,0.05093997951805807,1299731.1121,3047335.41081,1750939.72793,1367825.36179,0,2,3,1,0,3,2,1
0.023120915787819687,0.023588214648375454,0.006141580083537511,0.012277762236097306,1028576.61161,675054.47628,1324927.56277,367178.09575,2,3,0,1,3,1,0,2
0.0034329923969254124,0.027470645990552676,0.004062531466710983,0.30148107934100293,0.0,0.0,1275.81437,2890474.48399,0,2,1,3,0,1,2,3
0.005679652337921644,0.4570151195636486,0.005268846710123823,0.33914928683566326,7362.35745,3022222.06783,3876.61584,2725877.1672,2,0,3,1,2,0,3,1
0.013829648210195404,1.3872935937872723,0.011962217296973656,0.005865796281597808,132721.08556,4068721.09625,82922.44551,55073.52588,3,2,0,1,3,2,0,1
0.5119365251546193,0.47528622786090435,0.29025153356607514,0.6384890902432431,2730158.19158,932044.35447,1739983.99098,2292556.03994,2,1,0,3,1,2,3,0
0.0027339692407869643,0.007376015854432713,0.008352641834369352,0.37359154929577465,0.0,3530.39743,592.16952,25866.22122,0,1,2,3,0,2,1,3
0.11338533761885017,1.1305678133618253,0.18854600588185755,0.4091100213606985,1196150.91842,3950333.63676,1939263.91986,1848803.77231,0,2,3,1,0,3,2,1
0.7855929282558702,0.186592631419191,1.0665881484663107,0.9132476469730597,2609624.18703,895573.47204,3145793.20197,3262587.11853,1,0,3,2,1,0,2,3
0.8716435602311766,1.4500938915955122,0.571575281186501,0.9585856768919395,2622379.01453,3622310.53399,2305414.18543,2980870.92105,2,0,3,1,2,0,3,1
0.62578685722943,0.3637486486653046,0.49791894524752983,0.9332001311058243,3456315.11557,2152977.60329,3151447.73092,3512993.42614,1,2,0,3,1,2,0,3
0.7079800348606317,0.05628798705917137,0.8687413885575314,0.9120205738364695,3007368.89353,433800.65531,3117241.05427,3321199.38761,1,0,2,3,1,0,2,3
0.008068120513537603,0.01820964034978594,0.02424006673580073,0.0066314258673622496,33490.84479,4608.84808,18727.39791,15573.63069,3,0,1,2,1,3,2,0
0.7241396253891764,0.9817293438989861,0.09079648608428165,0.09433240495944006,3441981.55242,4648885.63472,1196015.31717,349123.23289,2,3,0,1,3,2,0,1
0.7361014401601588,0.0,1.0919748461150525,0.16139456245609834,1466383.45092,4630.7757,1962409.16016,1505379.85153,1,3,0,2,1,0,3,2
0.04457072924025151,0.4480573593611711,0.0230066584056932,0.08294173505656909,338781.32174,3166038.36233,168795.4525,235606.70528,2,0,3,1,2,3,0,1
0.11129536493412007,0.390763578431514,0.10027290849348026,0.26124867932955337,2361412.15956,3621223.10566,2477146.75269,2331776.11751,2,0,3,1,3,0,2,1
0.008780902758203866,0.013691690802581251,0.03529241455972294,0.6773294464336639,0.0,0.0,4971.28579,3075899.83666,0,1,2,3,0,1,2,3
0.10190195977776997,1.2057174153376145,0.4450248861084647,0.7327245582279139,365526.46238,2381349.20145,1194068.15134,1738017.57147,0,2,3,1,0,2,3,1
0.08920891868645657,2.5372799318572916,0.26529354476056205,0.6953090202925404,213301.843,1946602.27777,648447.8053,1351653.86229,0,2,3,1,0,2,3,1
0.022985613563613158,0.577796494441409,0.19371083359632119,0.5677377683113753,114048.80988,1159171.43127,838876.7857,1508564.94896,0,2,3,1,0,2,1,3
0.04992833941398299,1.5591443481457072,0.2913064151939196,0.9013244116827331,238726.27329,1997154.39358,736975.61458,1352019.90855,0,2,3,1,0,2,3,1
0.009481704096351283,0.011035940721674388,0.007265213423174586,0.0,612280.25351,2774459.62078,1533368.31307,2073468.98238,3,2,0,1,0,2,3,1
0.2519080195251751,1.7164803665999808,0.3271753055659262,0.9013527054712827,2171942.18837,4929205.51591,1921546.7463,3742468.38899,0,2,3,1,2,0,3,1
0.43112116919166094,1.3199131325179192,0.252734166868357,0.43629117519473676,1607686.02414,3640920.13422,1199441.20628,2008973.3755,2,0,3,1,2,0,3,1
1.2069496950785625,1.4738448953141257,1.030628387844907,0.840682818882134,4314269.24671,4548125.02019,3512916.26636,3311370.81245,3,2,0,1,3,2,0,1
0.19427853265745446,0.8894871957758952,0.23694560438731652,0.4500590000684593,1359955.23322,4648550.05789,921553.26954,3167632.79755,0,2,3,1,2,0,3,1
0.27100990311451295,1.0403147435702051,0.42593294538774445,0.36302859130073034,2522666.36868,4970709.44328,2727219.91333,3502466.38685,0,3,2,1,0,2,3,1
0.5988208883212177,1.06204294814886,0.2072476342276784,0.6278349185689875,2972763.69871,4504608.22284,1159326.06355,3379318.94238,2,0,3,1,2,0,3,1
0.7299017749065291,2.173532249419332,0.604098371796757,0.6215072167462276,3113329.04453,4767489.13761,2356061.20721,1783481.19712,2,3,0,1,3,2,0,1
0.026730927950976122,0.3883300706598902,0.08113304392720726,0.1436212881551741,165492.65325,2546959.58463,0.0,1301954.41203,0,2,3,1,2,0,3,1
0.9423123068742373,2.5554925431839397,1.6758218244861312,1.0404275599914463,3307684.89455,4311764.70601,3735278.51603,3576090.13489,0,3,2,1,0,3,2,1
0.3248993914165184,1.3036806556207359,0.8910539454967222,0.6946952751719384,2403265.85905,5330934.61423,4321119.95031,3584297.33295,0,3,2,1,0,3,2,1
0.7529131304555222,0.9410670547886861,1.3000598177298128,0.8890233608995379,2695530.89836,2487145.17145,3070792.08332,3013135.82059,0,3,1,2,1,0,3,2
0.9389447771880712,2.4096386992048195,0.9114741601119807,0.75456306240108,2969483.00185,4490934.01875,2904477.94802,3061623.03929,3,2,0,1,2,0,3,1
0.861028721826174,1.115658256293104,0.7077642720857303,0.76566701490481,4336352.56441,5099704.04815,4566644.00774,3713916.0282,2,3,0,1,3,0,2,1
0.731900016973737,1.460515702720152,0.9531569154948847,0.800710115701584,4742538.40274,5652538.02955,4487704.15104,2857570.16328,0,3,2,1,3,2,0,1
0.24783789394138825,1.312159204478683,0.25813411714874307,0.7305430266121102,1417562.35544,4314918.07664,1554812.47483,3175170.7355,0,2,3,1,0,2,3,1
0.07545120834194374,5.750494792978617,1.092249775865427,0.7095208993092209,857230.5692,5616566.28984,4276876.86653,3300206.95608,0,3,2,1,0,3,2,1
0.1307039037059872,0.8416612909167506,0.1738823324106179,0.29473578411016893,2049719.05596,4749855.91957,1803708.90847,3277726.02646,0,2,3,1,2,0,3,1
0.017332581822311836,1.6138540545796776,0.4331916985697147,1.0480441271418768,35244.99162,4639828.99637,1278664.28606,2959132.39765,0,2,3,1,0,2,3,1
0.04900546420410558,1.1091440136274258,0.031058990133699442,0.5918385996511405,1007332.30376,4933299.02576,430428.2049,3510813.70214,2,0,3,1,2,0,3,1
0.6380314457493726,1.1135840509877963,0.5704473598270615,0.6922009043278042,4771206.50861,5690086.444,3431215.65382,4165661.91857,2,0,3,1,2,3,0,1
0.07319672238860889,0.2882909712516665,0.182753475350046,0.1360315450992435,1225675.6672,1470763.74332,1394158.69332,1806510.91545,0,3,2,1,0,2,1,3
0.10502681212844915,1.4121713305921753,0.15277736780237955,1.0300364062261327,885954.76436,4460659.89578,744118.58193,4842268.89597,0,2,3,1,2,0,1,3
0.7224429677024349,1.2794779180126288,0.6441534563175645,0.6708655390157449,2445782.50033,3885009.70894,1794849.03162,2218942.21742,2,3,0,1,2,3,0,1
0.30224449889384336,1.0284676376467916,0.24866416628277802,0.6586831212472694,1551241.94239,4767007.15938,1501280.1402,3445910.10842,2,0,3,1,2,0,3,1
0.004765511609847217,0.00467454169598691,0.005742385677758557,0.1472883531167219,13995.04091,2254.98918,18098.19315,2028629.25212,1,0,2,3,1,0,2,3
1.474057651032958,1.532840393718468,1.2772885260199032,0.7959423417185163,4891794.67955,4912265.71489,4199818.38621,3126660.43961,3,2,0,1,3,2,0,1
0.05278866276211745,0.017765367809292158,0.036626077132071416,0.015455245097543755,125863.23088,21113.41673,74853.27245,21000.14135,3,1,2,0,3,1,2,0
0.08115533832442424,1.0733396319087978,0.26306798871974985,0.6932792928027852,476132.02368,3353042.24403,1164893.02257,3441327.51313,0,2,3,1,0,2,1,3
0.04360390058254075,0.026614768918056954,0.11356373661806535,0.0803511493974216,1353863.80648,591197.28541,1761607.09305,1228344.42017,1,0,3,2,1,3,0,2
0.038223585514025736,1.1671475085620182,0.24724369597514442,0.5526593294696381,792812.44277,5509475.61396,957992.87215,3126737.56686,0,2,3,1,0,2,3,1
0.012511896572844718,1.0209224146470317,0.01273021109351678,0.3950426849212334,45471.89302,2527684.60721,55320.16894,2205185.21075,0,2,3,1,0,2,3,1
0.12191901471483298,1.4239388663806565,0.10703043044982517,0.5571324744214997,1962438.52491,4517274.54233,1308698.47549,3970775.16188,2,0,3,1,2,0,3,1
4.916668732594557,0.6743661663295815,0.5428200443268908,0.5311684177666466,161430.03228,3002865.41289,1835788.26609,3024936.82434,3,2,1,0,0,2,1,3
0.25992697658793057,0.38311803807928885,0.015693603806949695,0.055161365600146325,553404.1261,2706648.14081,43561.22105,1112671.85002,2,3,0,1,2,0,3,1
0.06495856912053123,0.23428658458543228,0.11573742488581265,0.11841600107686674,283478.66798,2240253.30017,370594.27387,1389569.4475,0,2,3,1,0,2,3,1
0.7107523782726524,0.34809309391310184,0.4982271749603746,1.8564501648941747,1914821.50135,832927.92815,1127456.31526,4029566.05467,1,2,0,3,1,2,0,3
1.1802940843956384,1.9829270429845656,1.3954620791482766,0.942620703827999,4269492.89842,5603913.91264,3738938.01797,5201798.47219,3,0,2,1,2,0,3,1
1.014595166883753,1.4928106172188536,0.8902469072026931,0.6710052378100985,3785856.36985,4351634.03843,2751639.11805,2614306.64631,3,2,0,1,3,2,0,1
0.0264458907062236,0.6198229889086402,0.11583661414853122,0.20292788102875983,199538.65776,2649758.56067,454992.1589,1963465.55311,0,2,3,1,0,2,3,1
0.15165967567782737,0.010334577437213721,0.12931147046278216,0.044630294487467345,2008155.48944,0.0,1896611.58908,725034.41026,1,3,2,0,1,3,2,0
0.9424713718302123,1.6406111910889276,0.8319865594514921,0.6441141420793789,2969283.4428,4397949.28661,2548099.142,2672538.58632,3,2,0,1,2,3,0,1
0.5113363933775099,1.6699462920663113,0.23736376966026881,0.8683440998226101,2338811.58922,5141237.2069,2183024.75476,4248172.92063,2,0,3,1,2,0,3,1
0.4569194788932107,1.2350347882859685,0.005518737233181343,1.0888632287474478,2282565.5682,4812940.35364,1809236.25645,3977377.61117,2,0,3,1,2,0,3,1
0.8378807905025554,1.1179815398258153,0.9495349924156354,0.9223519949297224,3001363.786,4891198.57341,3214169.47346,3699842.44371,0,3,2,1,0,2,3,1
0.0032244039652893426,0.030072530090578777,0.008348985505308928,0.10751533085703939,397.34942,7722.06438,0.0,1153521.80759,0,2,1,3,2,0,1,3
0.4443508998029493,1.5846810531477395,0.15380346811975934,0.6280934154723029,1862902.88244,5014163.01732,1800301.63397,4219038.42607,2,0,3,1,2,0,3,1
0.4256420409391297,0.34425867004655625,0.17569748674198754,0.6526545768292941,3999291.1465,4858526.14725,3159726.95811,1978574.53755,2,1,0,3,3,2,0,1
0.1704327537104885,0.6128353948865909,0.5837556254812138,0.19983888546652134,1391671.68847,2296314.39136,2600549.81506,2849834.11873,0,3,2,1,0,1,2,3
0.309046715159942,0.6088840379248092,0.1629504779555027,0.4560040940376847,4853340.2604,5905366.97279,3302337.72868,4217395.96875,2,0,3,1,2,3,0,1
0.288944810629235,0.8624490944584896,0.7261659740548502,0.46943386902924844,3394426.5702,4185999.64703,2993525.62314,2244148.57643,0,3,2,1,3,2,0,1
0.6786150434264389,0.5340492875229722,0.3433515632882062,1.3086203729897234,2226456.96208,3470074.55852,987403.5459,1549606.65637,2,1,0,3,2,3,0,1
0.5182164008771799,0.9579376346551213,0.8142964394311868,0.38713683640760427,4982193.58887,5943993.27056,3696879.06939,2894961.55124,3,0,2,1,3,2,0,1
0.03639028564045637,0.028326535353830038,0.10151552089705292,0.1620890118438377,205557.54585,15723.89429,295059.55063,1321364.45534,1,0,2,3,1,0,2,3
0.09509123128990342,0.02125681636379184,0.04712498782098554,0.15493706912634334,1657041.25654,108469.25771,630999.31494,1685069.89517,1,2,0,3,1,2,0,3
0.21872145487054212,0.006418201312231535,0.14396049653420798,0.047887822709618465,2047122.48369,10117.83638,1168820.96107,1604336.30709,1,3,2,0,1,2,3,0
0.058246736511764215,0.8929503990109959,0.051761466584822446,1.282330080562805,437908.53746,3141076.28236,803748.31833,5245918.85088,2,0,1,3,0,2,1,3
0.21054011969042224,5.345225146834893,0.39830177700064484,0.9249814575373071,976436.52383,4523020.91636,2028170.73285,3208495.85504,0,2,3,1,0,2,3,1
1.8209618234117098,0.31490943021950774,1.2115752215956035,6.053142921935703,4073480.27011,4793441.6969,2998518.27302,3257829.26644,1,2,0,3,2,3,0,1
0.016031201471974392,0.7799852357996144,0.012125574442168208,0.39373462037796525,37776.92939,2580558.48806,24080.53705,2020279.52527,2,0,3,1,2,0,3,1
0.07301510979641247,1.667374103246003,0.20373779455607208,0.05837856619418443,528074.25982,4340151.81989,754768.00037,3258661.84586,3,0,2,1,0,2,3,1
0.8355620102360187,1.7426747839654404,1.417461167573078,0.8695649808093212,3376932.21163,4674188.79555,3865816.99873,3351130.39023,0,3,2,1,3,0,2,1
0.0,0.015047597693152327,0.02330306272956011,0.023635950873319257,0.0,119444.67468,639789.72696,373991.86699,0,1,2,3,0,1,3,2
0.10248655803880066,1.2198984808536588,0.059111480557864596,0.04346157039201687,2431524.17374,4735069.80687,1855849.95592,1492811.21216,3,2,0,1,3,2,0,1
0.02091160758099012,1.407485146647006,0.15615896770240287,0.6711412221059565,234014.94927,4226660.15946,711911.05915,3200458.91159,0,2,3,1,0,2,3,1
0.6650848963269297,1.9948303737574824,0.7329948853361528,0.22079946599714873,2342067.57794,4635001.01853,2744771.93431,1320402.31303,3,0,2,1,3,0,2,1
0.5055213623698844,1.1983668155481222,0.33372670583770336,0.29654463810134385,2552494.24739,4450828.11096,1081232.1602,1386681.91684,3,2,0,1,2,3,0,1
0.5582662457459346,1.247607651389333,0.2214824552011113,0.7650555149162388,2357741.53271,4387345.20729,1008411.93623,3331300.00965,2,0,3,1,2,0,3,1
1.3045951815827985,2.3730407794608626,1.3995688333019998,1.0162795016858106,4080589.48664,5158945.06712,4316158.44931,4084919.34263,3,0,2,1,0,3,2,1
0.4163026972870584,1.5805639669407003,0.36667317385896214,0.1404319259707607,2160674.6311,4373161.33964,1408272.69389,1412239.72681,3,2,0,1,2,3,0,1
0.327918029928991,1.0875458387205623,0.22018379111622552,0.08830154345445872,2555845.00029,4383367.19344,1487848.96838,1247806.8513,3,2,0,1,3,2,0,1
0.045729538402910844,1.931104958427483,0.5227365977883884,0.43174866344260987,568609.25284,4385047.74159,905445.35766,4106933.1001,0,3,2,1,0,2,3,1
0.006659931369537678,0.7322840098943888,0.01744339834715696,0.024415665137393704,736.14073,2425095.12667,21902.67849,319182.00058,0,2,3,1,0,2,3,1
0.015920339459558414,0.020489733613377865,0.005693104394137714,0.01624017312281077,0.0,266020.22298,10166.40576,236473.23115,2,0,3,1,0,2,3,1
0.9213855680902465,1.724373497639981,0.6392902126581728,0.290300461836159,3215573.74831,3847192.49957,2224258.05149,1118955.98394,3,2,0,1,3,2,0,1
0.14989673174810184,0.5532567717063691,0.18536803598518953,0.15674674632214378,1860427.079,2545568.40138,1362304.20069,984153.45837,0,3,2,1,3,2,0,1
0.7186674098977477,1.5340325943358135,0.5398856536580934,0.24951987907221265,2694433.16746,3948943.03412,1826078.88692,1502700.11733,3,2,0,1,3,2,0,1
1.0271988099512812,1.1725837353181976,0.6935002783076517,0.5034105470755407,3089605.01135,4215755.72977,1923336.64129,1938753.83573,3,2,0,1,2,3,0,1
1.1311340760740258,1.7854101990575368,1.0576338712251732,0.5051663664802352,4130203.23314,4493046.23076,4090378.27087,2817673.72907,3,2,0,1,3,2,0,1
0.6596183511668077,0.9890787734957031,0.8469438146759747,0.5458236673735897,4049177.38438,3272007.0766,3802014.34187,2625020.02132,3,0,2,1,3,1,2,0
1.1533438448352598,1.4627054567863433,1.1544414455873553,0.48913791341807283,3669100.38525,4353265.6644,3795711.41087,2529495.52913,3,0,2,1,3,0,2,1
0.4228574121216133,1.2443245754828292,0.009145042600678655,0.028860629073015856,2437185.31912,4218463.98692,0.0,835966.96719,2,3,0,1,2,3,0,1
0.5648997135036408,2.2413870210353144,0.8209206971195626,0.8332148263619076,2528101.33186,5354675.83916,2294233.35338,3961699.69962,0,2,3,1,2,0,3,1
0.9849940988783616,1.824335680141793,0.8590960580501104,0.7842323590273994,3785779.8691,6638521.67617,3823504.63507,4150812.9335,3,2,0,1,0,2,3,1
0.4174493822335758,0.05562388377605308,0.08920337159628582,0.02641683126066668,2541101.13474,1017595.01648,949999.64852,357886.75604,3,1,2,0,3,2,1,0
0.03782515842820019,0.5616919741048729,0.017140028141122518,0.18255849877190558,60109.7794,753120.61576,54109.00589,707324.41081,2,0,3,1,2,0,3,1
0.08688258704687475,0.002383496510278791,0.3186054329327255,0.26375312862392675,619676.81412,0.0,984543.67763,1446427.5209,1,0,3,2,1,0,2,3
1.1593776910547573,1.8794889561790156,0.7872493220142113,0.6448171915883689,2966914.59309,4204630.5756,2824289.08347,2730781.90595,3,2,0,1,3,2,0,1
0.007892332997048595,0.005125404957738245,0.019463662115201542,0.02645935861450749,30024.11984,25006.03165,23116.62547,501727.03459,1,0,2,3,2,1,0,3
0.026195046531273983,0.0,0.0475386653792692,0.04657242489408996,158807.85046,276382.49479,308382.99032,467300.44169,1,0,3,2,0,1,2,3
0.6765156513401817,2.197300955000029,0.812741219370636,0.2958000750739578,0.0,1793378.47827,1815623.86336,871863.15684,3,0,2,1,0,3,1,2
0.32956544255071135,0.6212097213388437,0.05288232168044528,0.32841421013792743,900330.11495,467266.64198,308984.00947,1753176.08304,2,3,0,1,2,1,0,3
1.105797660623321,1.784400972334761,1.1259991354680623,0.4294936465264373,3633531.74312,4204055.96282,3479365.94798,1642539.26418,3,0,2,1,3,2,0,1
0.05855913247387024,0.5653524697681588,0.012994681151699612,0.11674394083700129,161606.93686,2270074.55319,100407.57156,1470066.03902,2,0,3,1,2,0,3,1
0.29213560109476766,2.0503167937437974,0.6609331896912153,0.9966324624275623,1286594.7714,4433381.18913,2002132.00591,3732262.55256,0,2,3,1,0,2,3,1
0.3278752971863242,0.940072211794593,0.13901893140931598,0.03921134769548888,2768819.73592,3698107.29994,2323797.99533,381040.81392,3,2,0,1,3,2,0,1
0.007554153530280691,1.057380854437393,0.003911217103083471,0.0,12531.33655,4007643.99168,3584.64024,3905.7233,3,2,0,1,2,3,0,1
0.32283953290318856,0.01140509253060071,0.6601795807332115,0.7725955068302313,951265.08675,44034.19045,2066436.49591,1975769.49777,1,0,2,3,1,0,3,2
1.232740233743302,2.4898218873497293,2.302310513289015,1.1383837761962223,4484587.77258,5606763.44174,4205695.22245,4174250.41577,3,0,2,1,3,2,0,1
0.0,0.006495108626702874,0.0,0.007560703578503565,0.0,6054.27536,77225.99448,68814.41207,0,2,1,3,0,1,3,2
0.019588616675268775,0.019342151669569617,0.010442714960977938,0.0,0.0,2284.94656,2626.45648,0.0,3,2,1,0,0,3,1,2
0.010501249406471971,0.004070977184967008,0.006991016544970829,0.10235428324705802,9083.9892,32861.8384,5260.73159,1318339.37196,1,2,0,3,2,0,1,3
0.00890284918015563,0.0,0.02019656980020488,0.0,0.0,9831.46168,0.0,1442.06059,1,3,0,2,0,2,3,1
0.3169111517576486,2.9078004123182954,0.7568025073717125,2.813486083366686,914028.16982,5349059.92015,1935830.3057,4872304.57782,0,2,3,1,0,2,3,1
0.12509320056762155,0.9947100960000812,0.23223572725544156,1.0885516291080601,281100.71099,594726.81034,525758.88841,1719297.32159,0,2,1,3,0,2,1,3
0.05150721271959299,0.04537686309182881,0.038643545083320574,0.23136254996195718,747598.86242,647962.66581,738301.59214,2655317.39378,2,1,0,3,1,2,0,3
0.0,0.022218105301462048,0.0035583321786687903,0.07181041614880854,11419.16127,518003.87105,9147.78343,1537808.40424,0,2,1,3,2,0,1,3
0.610916807313071,1.4974059821328158,1.2819414196315477,1.9977075845920906,2188632.71507,2710115.16194,2171390.04796,3353723.38657,0,2,1,3,2,0,1,3
0.07767100056529112,0.061446233791306024,0.017525102714741003,0.21445241489853864,0.0,0.0,0.0,1041372.37638,2,1,0,3,0,1,2,3
0.1262130687944792,0.558827642370051,0.06440208067416038,0.6051547167071222,1355686.82101,3528560.55569,676265.29931,3574521.97226,2,0,1,3,2,0,1,3
0.008286096508025642,0.060640277346466175,0.012221633495033257,0.19032228036031668,134812.49155,1043663.36094,244232.96198,1540219.70934,0,2,1,3,0,2,1,3
0.006104850362074672,0.04413718586989676,0.05475707928287475,1.009028997699887,10437.90821,13103.51997,150210.71755,1849867.49554,0,1,2,3,0,1,2,3
0.044611619520317725,0.0,0.06878042821785357,0.2999239755561101,0.0,3308.51355,170756.22756,1334447.87864,1,0,2,3,0,1,2,3
0.0040448308160586696,0.00401399698553586,0.007198125079910402,0.01231138234056163,625727.79922,1094832.18599,473125.00003,1542228.67819,1,0,2,3,2,0,1,3
0.025076998948533994,0.03408792039165129,0.03326065027744383,0.0,369062.13702,592710.89101,389103.71603,0.0,3,0,2,1,3,0,2,1
0.06940675836176823,0.9753696797046312,0.15206786172659925,0.7860659977596526,244844.26593,2362754.80949,625011.6414,1618188.61983,0,2,3,1,0,2,3,1
0.03609508390805418,0.08548790789841441,0.011343002641204135,0.006089095965220783,389.64065,409929.13371,745.22908,44790.64318,3,2,0,1,0,2,3,1
0.00813987691423908,0.04354872406651568,0.009440455993347929,0.0894930757046728,186124.60279,1206212.9057,74082.40127,1308601.13541,0,2,1,3,2,0,1,3
0.09746283349005816,0.004062697056909676,0.11471243477451092,0.0036395777392225588,685927.58071,31737.73619,259372.75716,5925.35215,3,1,0,2,3,1,2,0
0.22911432872801277,0.8215990765213314,0.37217485066773914,1.1985282867596272,1768123.24383,4604946.97534,2020725.31238,3895736.72488,0,2,1,3,0,2,3,1
0.014007945273729137,0.03290756870652406,0.05225899633923759,0.03841910452918487,93807.25912,1575197.62337,226559.38951,1979839.91195,0,1,3,2,0,2,1,3
0.010613799251678067,0.12352282826952829,0.016359273429664575,0.13449510957628294,54250.64928,2436655.43637,192229.35744,1970173.95333,0,2,1,3,0,2,3,1
0.040538157989786335,0.06214081763130903,0.05914144623690393,0.1412241280321179,133919.77501,534564.74083,117530.36407,1013600.59941,0,2,1,3,2,0,1,3
0.011020457646194545,0.0,0.008157924337157141,0.152977322092713,0.0,5281.13916,52616.35942,2130492.16299,1,2,0,3,0,1,2,3
