Cu Normalized MALDI,Cu MALDI Product Intensity,Cu EIC(+)[M+H] Product Area,Cu preds,amine_string,bromide_string,Ir Normalized MALDI,Ir MALDI Product Intensity,Ir EIC(+)[M+H] Product Area,Ir preds,Pd Normalized MALDI,Pd MALDI Product Intensity,Pd EIC(+)[M+H] Product Area,Pd preds,Ru Normalized MALDI,Ru MALDI Product Intensity,Ru EIC(+)[M+H] Product Area,Ru preds
0.6215072167462276,662694.5,1783481.19712,2686418.346121024,C1CC2(CCN1)OCCO2,c1ncc(Br)cc1c2ccccc2,0.6040983717967571,293337.0,2356061.20721,1984586.5112653908,2.1735322494193317,243305.2,4767489.13761,4119502.4947404373,0.7299017749065291,114146.2,3113329.04453,3032931.049898709
0.0,0.0,1835.80973,314939.76887163596,C1CNCCC1c2ccccc2,COC(=O)N[C@@H](C(C)C)C(=O)N1C[C@H](F)C[C@H]1c2ncc([nH]2)c3ccc(Br)cc3,0.005284382564400689,849.0,20450.28626,106188.96339423413,0.0,0.0,4879.4004399999985,58291.79499845949,0.0,0.0,32979.6111,67202.32048694527
0.8280001651415724,643782.3,4241705.56696,4472104.0518062385,C1CNCCC1c2ccccc2,Brc1cc2ccccc2cn1,0.05048048317987836,5896.6,513340.80667,954004.9962847725,0.5346229069872996,19435.2,3299731.36015,3707294.6813626196,0.02427756729438184,1040.0,80204.2108,292770.7648649665
0.7599648856057486,255208.9,2547673.05724,2952617.10577809,C1CNCCC1c2ccccc2,OC(=O)CCc1ccc(Br)nc1,0.09776398855282532,58467.9,1888022.61094,1313446.4525522124,0.03329523482470991,7058.4,109193.38964,216725.51751784235,0.03584483635256125,22785.1,1048811.56773,547449.4241585148
0.1075153308570394,82120.5,1153521.80759,1948177.5835016756,C1NCc2cccc3cccc1c23,c1ncc(Br)cc1c2ccccc2,0.008348985505308928,1998.5,0.0,127377.36327555915,0.030072530090578774,14079.3,7722.06438,325602.2100777556,0.0032244039652893426,1289.7,397.34942,52021.180299506814
0.10654216835304482,52677.9,1369079.14142,1513046.165236308,O=C1CNCC2N1CCc3ccccc23,c1ncc(Br)cc1c2ccccc2,0.5369073688837934,256726.5,2173882.17971,2159639.9711275105,1.5181692685341592,118993.5,4047496.29494,4102420.638280527,0.8571194233642453,656804.7,3210487.41729,3522440.7149842335
0.028860629073015856,9221.3,835966.96719,622696.5380467139,N#CC1CCNCC1,c1ncc(Br)cc1c2ccccc2,0.009145042600678657,4529.3,0.0,103011.94740347618,1.2443245754828292,510430.9,4218463.98692,3842326.745819332,0.4228574121216133,37690.0,2437185.31912,1709879.6644349513
0.5051663664802352,84731.1,2817673.72907,2786969.4157643314,CC(C)(C)C(=O)N1CCNCC1,c1ncc(Br)cc1c2ccccc2,1.0576338712251732,412166.9,4090378.27087,3178874.129211845,1.7854101990575368,142800.5,4493046.23076,4390147.314851427,1.1311340760740258,218691.2,4130203.23314,3729531.2240663064
0.0189169961626446,12460.3,17098.973430000002,367098.32702130853,C1CNCCC1c2ccccc2,Brc1cccnc1N2CCC(=O)C2,0.0199607939089272,9691.7,63708.92525,144929.20215859552,0.00962546858583,5908.0,67311.01719,83032.86119873943,0.443629886252473,161808.5,69995.23077000001,2276302.133464259
0.8007101157015841,162596.6,2857570.16328,3875665.696946926,C(C1CCNCC1)c2ccccc2,c1ncc(Br)cc1c2ccccc2,0.9531569154948848,651384.1,4487704.15104,3794632.0084588863,1.4605157027201519,497224.1,5652538.02955,5495710.559806992,0.7319000169737371,379452.1,4742538.40274,3575557.630233459
0.2999239755561101,51680.8,1334447.87864,2225887.910706212,CC1(CCCNC1)C(=O)N(CC(=O)Nc2ccc3C[C@]4(Cc3c2)C(=O)Nc5ncccc45)Cc6cc(F)cc(F)c6,c1ncc(Br)cc1c2ccccc2,0.06878042821785357,23029.4,170756.22756,564100.0832119932,0.0,0.0,3308.51355,565579.6505155255,0.044611619520317725,7791.0,0.0,518372.0387468025
0.9166559501329355,604458.7,2839717.8058700007,2908926.762648329,CN(C)CC1(O)CCNCC1,c1ncc(Br)cc1c2ccccc2,0.2851882761444659,186375.9,310890.22295,1280878.6700847594,1.7027932337897735,204610.7,3842938.46028,4274741.555510289,0.027757632538858917,22700.5,78023.81545,469048.039078255
0.026459358614507492,16154.6,501727.03459,519063.3903910715,Cc1cccnc1CC2CCCCN2,c1ncc(Br)cc1c2ccccc2,0.019463662115201542,5017.3,23116.62547,133200.14783894573,0.0051254049577382456,505.0,25006.03165,152611.63132168286,0.007892332997048595,2184.2,30024.11984,31005.600621189005
0.8406828188821339,624476.6,3311370.81245,2676565.25642341,CCOC(=O)N1CCNCC1,c1ncc(Br)cc1c2ccccc2,1.030628387844907,656093.6,3512916.26636,3518885.24057136,1.4738448953141257,995240.0,4548125.0201900005,4092689.78821317,1.2069496950785623,754795.2,4314269.24671,4089848.3536449717
0.014387745093253863,6190.1,586003.27876,390307.29368182365,C1CNCCC1c2ccccc2,CON(C)C(=O)c1ncccc1Br,0.038660418319465206,18858.9,3293.09075,1214772.333430866,0.01109890666564528,7186.4,148373.40585,120321.52213554858,0.0176484079267965,6994.8,9738.95945,436540.60013566795
0.09720424769975357,10966.0,1147503.8658,1550282.908710771,C1CNCCC1c2ccccc2,Brc1ccc2nonc2c1,0.027449724239626445,11800.2,29445.08606,365975.3530914437,0.0786978517282957,52130.0,821471.1392,1400398.9417991922,0.01247693043383568,6588.1,23343.98156,61545.74311535312
0.9013527054712828,224067.9,3742468.38899,3767768.84681538,C1CN(CCN1)c2ccccc2,c1ncc(Br)cc1c2ccccc2,0.3271753055659262,198227.6,1921546.7463,1729860.6985277229,1.7164803665999808,331272.3,4929205.51591,4825396.630074986,0.2519080195251751,50440.5,2171942.18837,1616949.5946703327
0.006503464045182953,4409.4,25689.50123,148906.17590229318,C1CNCCC1c2ccccc2,CNC(=O)c1cc(Br)c[nH]1,0.0050424535309193715,2097.7,0.0,11365.634922360665,0.0024246218455776323,2139.4,1892.61175,21135.571046434787,0.0054174749166837075,4135.3,0.0,16744.05405359272
1.4363794387630324,567358.1,4726264.11003,5176007.978797128,C1CNCCC1c2ccccc2,Brc1cncc2ccccc12,1.1215078897880328,567926.1,3701613.90166,3267726.828495473,0.1749776654537148,124547.3,800405.50009,2553360.4979195218,0.8846860063797218,305854.0,3786032.81799,3818310.6930924496
0.00249865470237218,1093.5,1200.4176,118106.23900413215,C([C@@H]1COCCN1)c2ccccc2,c1ncc(Br)cc1c2ccccc2,0.006745739084731246,4096.8,41541.96463,34908.65839116457,0.00280864967527503,1151.7,1415.16784,108545.19149235055,0.006583873906226357,3054.4,82570.06376,22259.280079935874
0.15674674632214378,116032.5,984153.45837,1993349.2042879162,CC(C)(C)OC(=O)N1CCNC[C@@H]1Cc2c[nH]c3ccccc23,c1ncc(Br)cc1c2ccccc2,0.18536803598518956,86680.8,1362304.20069,1604537.230833013,0.5532567717063691,139780.6,2545568.40138,3003258.769074148,0.14989673174810186,70261.2,1860427.079,1491834.8503142425
0.008969779098616808,4011.2,10155.98875,348887.4597137798,C1CNCCC1c2ccccc2,Brc1noc(n1)c2ccccc2,0.0,0.0,0.0,48452.01739927857,0.16250526865853776,108531.5,1234929.99131,1526240.881383025,0.0012948756203644055,417.9,0.0,77405.60203785374
0.035733907330795414,15044.0,3237357.08741,2051958.842394591,C1CNCCC1c2ccccc2,COc1ccc(Br)cn1,0.4755071044301552,6699.8,1876821.94466,2507207.0792095726,0.10235848592917808,69765.2,2762475.8744900003,1262276.264401341,0.016934672679184217,9776.5,227602.18571,252540.96963496035
0.016227383594967754,13599.5,63777.96635,749715.8930030792,C1CNCCC1c2ccccc2,Brc1ccc2NCCc2c1,0.0037490641986828257,3455.4,0.0,58319.879214448396,0.003914203162862097,3688.1,0.0,137374.30132050806,0.0033227821506278984,1403.6,0.0,44048.38471117606
0.04463029448746735,20998.5,725034.41026,874125.1666045063,O=C1CCNCC1,c1ncc(Br)cc1c2ccccc2,0.12931147046278216,13369.5,1896611.58908,1310662.879027882,0.010334577437213721,6104.7,0.0,53350.81873218246,0.15165967567782734,30479.5,2008155.48944,1681646.993465754
0.02641683126066668,22199.4,357886.75604,667441.1618851556,C1CCC(NC1)c2nc3ccccc3s2,c1ncc(Br)cc1c2ccccc2,0.08920337159628583,42702.1,949999.64852,750104.8733117861,0.05562388377605308,21247.2,1017595.01648,347531.01320584514,0.4174493822335758,326436.4,2541101.13474,1942743.0036704466
0.40062421352911776,223592.5,531289.8318,2655070.7173209973,C1CNCCC1c2ccccc2,CCOC(=O)C1=C2c3ccccc3C(=O)c4c(Br)cc(C)c(NC1=O)c24,0.8068478463994241,294027.7,1955810.98038,2676679.7777496227,0.1861544426236844,56993.1,497358.73597,2341792.3873338266,0.1955764956938344,26101.6,1522332.42062,1444396.1780906552
0.6693555013120029,450513.0,2937039.11933,3333219.4026713157,C1CNCCC1c2ccccc2,COC(=O)c1ccc(Br)cn1,0.8017967278219341,418969.9,2862038.05618,3035765.5241512205,1.7142811923566592,611982.1,3510097.81574,4453775.825618767,1.0080514038148614,315696.7,3238521.14383,3781568.0864415746
1.3591328172760253,763681.1,2646264.11435,2687564.623976756,CN1[C@H]2CCNC[C@H]2N(C1=O)c3ccncc3,c1ncc(Br)cc1c2ccccc2,0.7174614920864418,566589.6,1116919.97904,2454964.0170843424,2.9011852477422697,447276.6,2843971.62984,4106726.250222087,0.7662516165160858,243287.8,1227960.81694,2527436.686924202
0.04107270304619473,34172.3,1458827.77067,891038.4443933652,C1CNCCC1c2ccccc2,COC(=O)c1cc(Br)c[nH]1,0.005444647133897564,3815.6,3459.7265,15134.064601983317,0.0011702947246751735,486.4,1235.6875699999996,24745.969591631576,0.005944363508279088,4391.2,0.0,23025.1182974313
0.0803511493974216,14914.7,1228344.42017,1258803.4761633826,C(C1CCCCN1)N2CCCCC2,c1ncc(Br)cc1c2ccccc2,0.11356373661806535,61107.0,1761607.09305,956325.1997732433,0.026614768918056957,14775.0,591197.28541,93374.68112158307,0.04360390058254075,14793.6,1353863.80648,470242.1588243406
0.007404294267124966,2318.5,696169.27747,517794.15124086174,C1CNCCC1c2ccccc2,COc1ccc(Br)nc1[N+](=O)[O-],0.0,0.0,124889.28455,176956.1894839484,0.019299037649860948,9160.9,1821005.47947,333148.6213253462,0.0042771125903813545,942.2,120708.34903,235392.6968957903
0.2386861194114739,218226.9,2756085.25986,2686063.0442596013,C1CNCCC1c2ccccc2,Brc1ccc(C=O)nc1,0.013160087616353826,5298.5,743441.59994,176978.45934173156,0.18896811518322554,144512.1,3284240.8104,2515397.1844278434,0.009715496802618646,4465.8,1520239.06123,81361.45916649507
0.9966324624275624,427148.8,3732262.55256,3539404.7254992477,C(C1CNCCN1)c2ccccc2,c1ncc(Br)cc1c2ccccc2,0.6609331896912153,312210.1,2002132.00591,2768780.0718132905,2.0503167937437974,691736.7,4433381.189130002,4591323.966151898,0.2921356010947677,9809.3,1286594.7714,1769760.7984556586
0.6946952751719384,349805.4,3584297.33295,3548736.493834527,CC1CCCNC1,c1ncc(Br)cc1c2ccccc2,0.8910539454967222,745232.7,4321119.95031,3884654.8522898476,1.303680655620736,412201.4,5330934.61423,5095558.595792192,0.3248993914165184,84980.1,2403265.85905,2337047.7503298214
0.6526545768292941,486235.1,1978574.53755,2917164.318212156,FC(F)(F)c1cccc(c1)S(=O)(=O)N(C2CC2)C3CCNCC3,c1ncc(Br)cc1c2ccccc2,0.17569748674198754,762.0,3159726.95811,1306912.7052518933,0.34425867004655625,74883.8,4858526.14725,2640869.563056488,0.4256420409391297,153072.2,3999291.1465,2573424.707567854
0.6241556995667032,485831.0,3276148.5865700007,3625308.3910552724,C1CNCCC1c2ccccc2,CNC(=O)c1ccc(Br)cn1,0.15164564929769567,80129.0,1903553.93486,1963914.7156398788,0.6495938510164124,498108.5,1571340.6044299996,3113447.826310773,0.12059504661170388,42960.9,1907209.53883,1522088.9111517854
1.0404275599914463,739064.7,3576090.134890001,3361621.0481484327,CCN(CC)C(=O)C1CCCNC1,c1ncc(Br)cc1c2ccccc2,1.6758218244861312,634781.7,3735278.5160300005,3598903.2814679747,2.55549254318394,860225.3,4311764.70601,4817399.389283075,0.9423123068742372,147262.4,3307684.89455,3416273.6912600747
0.01584032585773906,9215.9,161176.29994,463482.22219709266,C1CNCCC1c2ccccc2,Oc1cccc(Br)n1,0.026958311920507384,17520.8,238257.00118,199811.54338834863,0.009476712643450628,8234.2,24556.28841,36438.3658013056,0.016237492679767297,11612.1,2469.89543,198043.90408353996
0.226894773558524,188804.7,4586988.33866,4028361.9316589055,C1CNCCC1c2ccccc2,Brc1ccc2occc2c1,0.03760498073209807,30190.7,305893.91585,454524.8581024863,0.11128518545820988,29286.9,3565886.0605,1915838.9437115917,0.011236573162399757,8129.5,90442.83026,289600.7021109342
0.11841600107686676,74951.1,1389569.4475,1861157.7633806625,C1Cc2c([nH]c3ccccc23)C(N1)c4ccccc4,c1ncc(Br)cc1c2ccccc2,0.11573742488581265,80586.8,370594.27387,1156972.512539244,0.2342865845854323,204286.0,2240253.30017,2165773.500967346,0.06495856912053123,15487.5,283478.66798,1100817.121682745
1.1985282867596272,296889.0,3895736.72488,3348215.461897463,O[C@@]([C@@H]1CCC(F)(F)C1)(C(=O)NCC2CCNCC2)c3ccccc3,c1ncc(Br)cc1c2ccccc2,0.3721748506677392,289451.1,2020725.31238,1569971.1020695427,0.8215990765213314,287757.6,4604946.97534,3188518.17056775,0.2291143287280128,118751.4,1768123.2438299996,1863888.209060169
0.014118908884769922,9641.2,1219874.68894,224390.85108341256,C1CNCCC1c2ccccc2,COC(=O)c1cc(cc(Br)n1)[N+](=O)[O-],0.0,0.0,415532.84066,450094.245775441,0.05442474880638496,30549.7,1967281.38304,1196351.8494358836,0.0,0.0,23452.90208,272689.05564916786
0.04888898050472309,23716.9,725150.32444,1515887.1177868606,C1CNCCC1c2ccccc2,Brc1ccc2cnoc2c1,0.03299974676113459,35392.4,17136.580140000002,467535.7870899322,0.012998242001050571,9591.2,58225.34796,424595.9674972973,0.02030853694962461,20859.8,0.0,271833.98425553076
0.04601243090516994,29111.2,422354.32712,1025054.2162738474,C1CNCCC1c2ccccc2,Cc1c(nn(c2ccc(Cl)cc2Cl)c1c3ccc(Br)cc3)C(=O)NN4CCCCC4,0.0,0.0,9251.65389,50028.375268083866,0.014690664381170046,4628.0,51771.24397,639986.1557834125,0.02140578904250307,12607.1,10054.71117,303350.17658912303
0.2947357841101689,202923.2,3277726.02646,2249013.996348562,CC1CNCCN1c2ccccc2,c1ncc(Br)cc1c2ccccc2,0.1738823324106179,148464.3,1803708.90847,1505462.6847676896,0.8416612909167506,303869.1,4749855.91957,3670960.287094021,0.1307039037059872,88529.1,2049719.05596,1012399.7952287977
0.8332148263619076,456893.6,3961699.69962,4061203.8853600714,C(Cc1ccccc1)C2CCNCC2,c1ncc(Br)cc1c2ccccc2,0.8209206971195626,62346.3,2294233.35338,3376587.284874285,2.2413870210353144,112264.8,5354675.83916,5202760.34221701,0.5648997135036408,221171.4,2528101.33186,3791813.6831335556
0.5476943607391528,557347.2,2113604.73266,2643568.2252521496,Cc1c(C)c(c(C)c2CCC(C)(C)Oc12)S(=O)(=O)NC(=N)NCC3CCCNC3,c1ncc(Br)cc1c2ccccc2,0.15762625437621072,103153.6,591298.69735,1446751.218789613,0.21489575906573044,151850.2,778009.74732,2170423.32119553,0.09323812805745428,31088.1,907053.99504,966183.5278182784
1.1943041224805582,932847.9,4893741.83875,4700924.926963219,C1CNCCC1c2ccccc2,Brc1cnc2CCCCc2c1,0.5978899194363536,595651.3,1766511.7865099998,3117869.159185895,2.7744031896796293,541784.9,5057877.6914800005,5732653.26938017,0.2810173232632007,288522.2,1817311.52843,2038390.8410227308
0.2533747278140972,221563.1,3777657.83841,2139001.1566236857,C1CNCCC1c2ccccc2,COC(=O)c1cn(Cc2cccc(Br)n2)nn1,0.07353552446376428,30871.0,2324747.68743,1248722.1422348113,0.2467373504073309,49931.3,3290773.39111,2171420.538636384,0.02207564089062975,9684.8,1787346.1021599998,278312.8127960355
0.6945472973722315,144041.4,3719528.87299,3591007.995883214,C1CNCCC1c2ccccc2,Brc1cccc2ccncc12,0.309209749822817,216921.4,1475238.69524,2365179.784798893,3.086348998417116,22618.0,5722249.3186300015,4284762.817289816,0.29857298027652673,207452.0,2107099.07845,2453711.9322689013
0.1412241280321179,30082.9,1013600.59941,1865547.9734553958,CSc1ccc(cc1)C2=C(CNCC2)C(=O)NCc3ccc4ccccc4n3,c1ncc(Br)cc1c2ccccc2,0.05914144623690393,3043.2,117530.36407,1100501.217325813,0.06214081763130903,24318.2,534564.74083,739827.1379319403,0.040538157989786335,6621.9,133919.77500999998,722740.2349931798
0.6586831212472694,164572.9,3445910.1084199995,3268303.259641935,CCN1CCNCC1,c1ncc(Br)cc1c2ccccc2,0.248664166282778,62885.8,1501280.1402,1385091.6208839426,1.0284676376467916,738675.9,4767007.15938,4184959.902803496,0.30224449889384336,245190.5,1551241.94239,1509168.5815883682
0.6566969537468729,359443.8,3128989.55978,3537494.374904138,C1CNCCC1c2ccccc2,Cn1nnc2ccc(Br)cc12,0.03364630487117979,24210.7,318647.053,549317.5160250118,0.8969924515256192,263614.6,3723481.74726,3803164.9753158092,0.1045405276614558,80205.5,779596.3860899998,1226867.2832893236
0.7441186680216244,561850.0,2162925.19666,2516165.736007854,CN1[C@@H]2CNCC[C@@H]2N(C)C1=O,c1ncc(Br)cc1c2ccccc2,0.7963024944124786,467981.8,2382881.15343,2594844.6871858663,1.232761041417584,863533.7,3308835.15223,4060388.00173867,0.5310761644421785,186663.5,2234676.42876,2296030.3714764076
0.01428543466745612,9342.0,1100307.48171,748110.424003961,C1CNCCC1c2ccccc2,Brc1ccc2ocnc2c1,0.003694996975694015,2772.8,35636.82492,16402.714251138117,0.004464429134665129,3224.0,106030.60629,319495.1104242462,0.005702693111181845,4676.1,71983.57105,14687.353709974223
0.0067483052075788755,6187.6,1260998.1225299998,570849.7537933575,C1CNCCC1c2ccccc2,C[C@@H](NC(=O)C(C)(C)Oc1ccc(cn1)C(F)(F)F)[C@@](O)(Cc2ccc(Cl)cc2)c3cccc(Br)c3,0.00816308964083575,5026.3,49065.57179,262681.21966361935,0.006726750336006757,5287.7,1226299.4872700002,312405.18588717486,0.0,0.0,47911.66784,226702.42810699763
0.1404319259707607,53804.4,1412239.72681,1830649.4884890886,CC1CNCCN1C(=O)OCc2ccccc2,c1ncc(Br)cc1c2ccccc2,0.3666731738589621,218258.1,1408272.69389,1972078.648296763,1.5805639669407003,288542.7,4373161.33964,4498848.950885969,0.4163026972870584,117009.2,2160674.6311,2652518.8145672423
0.7530481220928056,796449.9,1867075.62925,3652121.4527095924,C1CNCCC1c2ccccc2,Brc1cccnc1C#N,0.2925806858626356,139363.7,2437478.78397,2004835.0258320454,0.4688814846428256,80860.3,2358916.46941,2664341.578021071,0.3859910618309275,325724.0,2385310.41496,2333114.1524390806
0.0,0.0,1074.95682,95123.1060436954,O=C1C=C(N=C2CNCCN12)c3ccccn3,c1ncc(Br)cc1c2ccccc2,0.006503433821781487,1789.2,6469.16175,48589.60162061001,0.10417889413210506,46895.9,51893.29262,930277.3418138922,0.004854052023626468,1449.9,695.67722,22802.087141644366
0.3950426849212334,230927.1,2205185.21075,2188721.7143415334,COC(=O)C1CCNCC1,c1ncc(Br)cc1c2ccccc2,0.01273021109351678,6948.4,55320.16894,142599.78597426944,1.0209224146470317,494714.5,2527684.60721,4104098.5214327364,0.01251189657284472,1327.8,45471.89302,107503.5609476533
1.168731401570508,949595.9,4362428.98624,4378788.721066912,C1CNCCC1c2ccccc2,COc1cc(Br)ccn1,1.139206240449669,795254.7,4227489.972630002,4091072.4295202,1.103559854835794,886349.7,4242549.26575,4376631.938479492,1.32171576713447,763922.9,5742088.68776,4484406.495739463
1.0877433717448526,615060.9,3486053.90108,4229982.333236764,C(N1CC2CCC1CN2)c3ccccc3,c1ncc(Br)cc1c2ccccc2,0.07099509574596699,33765.8,338823.17725,637405.9309663255,0.8379916961418008,661766.4,2605598.03467,4031163.522234561,0.04463847148318649,35460.4,148566.04337,868258.4917041843
0.7860659977596526,114733.8,1618188.61983,3003665.7877258123,CC(C)(C)NC(=O)[C@@H]1CNCCN1C[C@H](O)C[C@H](Cc2ccccc2)C(=O)N[C@@H]3[C@H](O)Cc4ccccc34,c1ncc(Br)cc1c2ccccc2,0.15206786172659925,62808.3,625011.6414,1250274.0572272183,0.9753696797046312,104085.6,2362754.8094900004,3286908.5644047814,0.06940675836176823,29797.3,244844.26593,939378.9957036636
0.0043420880465347405,2462.3,78947.62292000001,140376.7640372969,C1CNCCC1c2ccccc2,COC(=O)c1[nH]nnc1Br,0.003501070294786523,1635.4,0.0,81943.88833773168,0.005614466239530875,3860.0,1765.56395,43864.9902864165,0.003423855670130861,1779.6,561.77053,57464.34008731279
0.4266057936619671,413619.7,2488440.69286,2815042.6603149786,C1CNCCC1c2ccccc2,COC(=O)c1cc(ccc1Br)C(=O)Nc2cc(ccn2)C(F)(F)F,0.2336523603731645,45242.2,1874629.93329,1994994.526367032,0.4303879640706109,223494.1,1434319.62144,2217007.0023696665,0.0283951661910293,1845.7,1001166.54704,401427.478989614
0.8695649808093212,399514.5,3351130.39023,3099164.264057131,O=C(N[C@H]1CCCNC1)OCc2ccccc2,c1ncc(Br)cc1c2ccccc2,1.417461167573078,602903.5,3865816.99873,3099279.943110751,1.7426747839654404,726442.0,4674188.79555,4347055.995274907,0.8355620102360187,430351.2,3376932.21163,3203933.9399135094
0.76566701490481,610209.2,3713916.0282,3683711.2439861917,CC1CCNCC1,c1ncc(Br)cc1c2ccccc2,0.7077642720857303,334296.6,4566644.00774,2956448.305315092,1.115658256293104,266061.4,5099704.04815,5086182.187672325,0.8610287218261741,442298.4,4336352.56441,3647039.948924823
0.7848319838250547,631011.9,3547138.42624,4242945.147538006,C1CNCCC1c2ccccc2,Brc1cnc2ccccc2c1,0.6772565102555262,204672.2,3837883.8632,2620007.4384436784,1.255168614123707,479101.5,4662573.15926,5374620.021084325,0.5618171421281428,99526.3,4368389.72599,3209287.8877150537
0.030353019791407275,29461.5,217619.1067,748306.6851172467,C1CNCCC1c2ccccc2,Brc1ccc2[nH]ncc2c1,0.009582895431960451,2900.5,10259.46705,50251.63195360348,0.006680715911069484,5563.6,93004.88348,110150.88769886474,0.007828827482530117,3510.0,0.0,17321.070113619313
1.0162795016858106,156498.1,4084919.34263,3280487.591831051,COC1CCNCC1,c1ncc(Br)cc1c2ccccc2,1.3995688333019998,113155.7,4316158.44931,3281053.296362655,2.3730407794608626,466485.0,5158945.06712,4644592.880587008,1.3045951815827983,297577.9,4080589.48664,4004115.168733937
0.04513139545516895,47379.3,96417.59856,1229667.9920992688,C1CNCCC1c2ccccc2,Cc1nc2cc(Br)ccc2[nH]1,0.02568942988876373,20529.6,15683.05539,364161.96011039783,0.022515474389647683,11260.0,0.0,108664.30381910599,0.025397334292273747,22402.6,87611.50069,118466.4822862673
0.0753438075049964,50230.3,2690558.206,1357209.9563073372,C1CNCCC1c2ccccc2,COc1cc2CCN(C(=O)OC(C)(C)C)C(C)(CC(=O)Nc3nccs3)c2cc1Br,0.0027356890766433565,1788.1,73126.29432999999,168162.07055406045,0.0,0.0,1456.531,202166.15015517274,0.0,0.0,15583.54186,148171.6776829523
0.5729402967297503,587819.9,1803429.37165,2657775.2766776085,O=C(OCc1ccccc1)N2CC3CC2CN3,c1ncc(Br)cc1c2ccccc2,0.6983662454633736,668886.6,2324851.04681,2581023.6513791075,2.28051711999282,487820.4,4513581.15076,4612892.566945198,0.8900124115078082,421360.0,3148586.03752,3411362.213819013
0.19348982312534735,111117.8,2381672.7507,2203898.72120573,C1CNCCC1c2ccccc2,[O-][N+](=O)c1cc(Br)cc2cc[nH]c12,0.016150524549431212,10853.7,17313.81894,40350.22822418351,0.3067016506120127,294790.8,98625.24071,2462727.62528589,0.008870060341730747,6165.5,27052.12468,9747.990750184672
0.8632197258328216,198362.8,3160725.98532,2922473.1513092783,C(OC1CCNCC1)c2ccccn2,c1ncc(Br)cc1c2ccccc2,1.2225806962319388,177612.0,3488791.9877699995,2791337.3410763526,2.925437361143397,713548.4,4973061.59119,3773226.3239359944,0.7336166371717509,410108.5,2721250.14722,3004591.8156207795
0.059082235835623026,46420.7,1522809.92591,1445575.3405840783,C1CNCCC1c2ccccc2,Cc1onc(Br)n1,0.03983748810815409,30535.1,791935.99595,1124321.0998748364,0.09097542223898064,81743.2,950889.33939,1431194.1151249257,0.03101416823377172,20623.6,190977.85013,666643.7927765067
1.0759423041387832,89087.7,2155834.0224200003,3721628.658621268,C1CNCCC1c2ccccc2,CCOC(=O)\C=C\c1ccc2cc(Br)ccc2n1,0.028531442358893933,22900.3,231196.05168000003,391231.82962498086,1.2895744995080043,72473.7,1826835.3522,4405628.256246528,0.04497069291526239,32002.8,335858.97085,600907.5272801502
0.1620890118438377,86285.8,1321364.45534,1788083.009175726,C1CCC(NC1)c2ccccn2,c1ncc(Br)cc1c2ccccc2,0.10151552089705293,47844.6,295059.55063,985807.3361187588,0.028326535353830038,10777.7,15723.89429,92692.55264015464,0.03639028564045637,11040.9,205557.54585,442833.8525001113
0.08830154345445873,71002.6,1247806.8513,1259315.0804535912,COC(=O)[C@@H]1CNCCN1C(=O)OC(C)(C)C,c1ncc(Br)cc1c2ccccc2,0.22018379111622552,176244.2,1487848.96838,1465686.6985699928,1.0875458387205623,886651.0,4383367.1934400005,4234316.098110339,0.327918029928991,252806.7,2555845.0002900003,2255632.8595903716
0.04346157039201687,6543.9,1492811.21216,997201.888040192,CC(C)C[C@H]1CNCCN1C(=O)OC(C)(C)C,c1ncc(Br)cc1c2ccccc2,0.0591114805578646,1024.0,1855849.95592,929453.5144266977,1.2198984808536588,40207.0,4735069.80687,3543574.46614051,0.10248655803880066,3127.9,2431524.17374,914406.0052839038
1.08855162910806,84054.8,1719297.32159,2685139.257314196,COc1ccc(cc1)n2nc(cc2NC(=O)c3cnn4cccnc34)C5CCNCC5,c1ncc(Br)cc1c2ccccc2,0.2322357272554416,11114.5,525758.88841,1447669.817658455,0.9947100960000812,19593.7,594726.81034,3245712.609872724,0.12509320056762155,11442.2,281100.71099,887275.7013955576
0.16759986330692786,120991.9,2942082.20029,2412472.0799576794,C1CNCCC1c2ccccc2,Brc1ccc(cc1)c2ccon2,0.04526798310587661,36925.8,91349.13297,430952.17614445114,0.20950546517583968,77671.7,3237173.76126,2813077.6526929555,0.038338933564597055,24416.1,49579.29055,645415.4024054962
0.016335589362022198,11890.7,58865.00145,468620.0202500098,C1CNCCC1c2ccccc2,C[C@H]1C[C@]2(N)[C@@H]([C@@H](C)OC2=O)[C@@H](\C=C\c3ccc(Br)cn3)[C@@H]1C,0.32877847439448793,132244.5,2694995.59829,2006983.531958382,0.4305691778939133,52942.7,2844415.26072,2943881.117557373,0.11701777639462772,74901.3,1065426.42846,1599435.9998027552
0.36383409703760905,301613.3,2053989.42284,2492891.720307389,C1CNCCC1c2ccccc2,COC(=O)C1Cc2ncc(Br)cc2N(Cc3ccccc3)C1=O,0.0,0.0,0.0,115139.66426157851,0.30576899364682136,236325.4,2396507.8355,2495269.8930091546,0.0,0.0,79235.10205,241282.4054516489
0.01868756239122125,16114.3,479764.17761,438862.22404860164,C1CNCCC1c2ccccc2,CSc1ncc(Br)c(CN2[C@@H](C)[C@H](OC2=O)c3cc(cc(c3)C(F)(F)F)C(F)(F)F)n1,0.026803386119614664,13951.2,2151552.41691,440442.25750208815,0.0,0.0,135255.68872,215737.46447695146,0.0,0.0,1799893.30973,37120.04988054873
0.4891379134180728,237447.5,2529495.52913,2387017.2564233574,CCC(=O)N1CCNCC1,c1ncc(Br)cc1c2ccccc2,1.1544414455873553,671798.8,3795711.41087,3251010.7577129905,1.4627054567863431,609535.4,4353265.6644,4139137.6539073,1.1533438448352598,394414.3,3669100.38525,3502693.9411991285
1.2393125014963216,543532.1,4867716.98122,4311128.874173656,C1CNCCC1c2ccccc2,Brc1ccc2nccnc2c1,0.2498508306986548,64485.5,1296493.5892299998,2148748.070135561,0.7717038505370901,563249.2,3754249.12123,3462611.230811346,0.19648450881604448,97104.0,1246374.42651,2425065.229435118
0.0,0.0,632728.40595,338432.0571724079,C1CNCCC1c2ccccc2,CCOC(=O)C1=CN(Cc2cc3OCOc3cc2Br)c4cc5OCOc5cc4C1=O,0.0,0.0,107394.98011,147123.1080206153,0.0,0.0,18890.9639,296361.9863220629,0.0,0.0,307264.31327,89449.63332221392
0.3937346203779653,289932.0,2020279.52527,3166169.3014037698,CN1CCNC(C1)c2ccccc2,c1ncc(Br)cc1c2ccccc2,0.012125574442168208,7380.3,24080.53705,135740.582861973,0.7799852357996144,714149.1,2580558.48806,3146370.883399566,0.016031201471974392,11347.5,37776.92939,106173.49307815167
0.29654463810134385,218741.2,1386681.91684,1586831.482373576,O=S(=O)(N1CCNCC1)c2cccs2,c1ncc(Br)cc1c2ccccc2,0.33372670583770336,168656.6,1081232.1602,1786224.7467708592,1.1983668155481222,130154.5,4450828.11096,3909980.4038381707,0.5055213623698844,348407.8,2552494.24739,2646152.173192552
0.20303468582350398,172470.9,2323002.4108700003,2490473.8148750453,C1CNCCC1c2ccccc2,CSCCNC(=O)c1cc(Br)cn1C(C)C,0.011758078966164176,8996.7,8495.86244,86682.61546468438,0.004508969220843208,3915.0,8992.69447,95651.84508687956,0.01594345191031685,13762.3,12296.16948,148172.62270726304
0.023635950873319257,5018.3,373991.86699,766863.4692801102,C(C1CCCCN1)N2CCCC2,c1ncc(Br)cc1c2ccccc2,0.02330306272956011,966.9,639789.72696,599086.7517243413,0.015047597693152328,8214.3,119444.67468,160639.35067947282,0.0,0.0,0.0,68448.65011080977
1.2823300805628048,542456.4,5245918.850880002,3294561.2557827705,CC(C)(C)OC(=O)C1CCNCC1,c1ncc(Br)cc1c2ccccc2,0.05176146658482245,25179.5,803748.31833,683357.6690002444,0.8929503990109959,633026.2,3141076.28236,3170209.9764577956,0.058246736511764215,7661.7,437908.53746,911234.6980062516
1.8564501648941747,366630.9,4029566.05467,3239179.048176397,C1CC(CCN1)c2cc(n[nH]2)c3occc3,c1ncc(Br)cc1c2ccccc2,0.4982271749603746,338634.0,1127456.31526,1936774.915746629,0.34809309391310184,208425.3,832927.92815,2791005.590915379,0.7107523782726524,187178.7,1914821.50135,2248723.623902752
0.0,0.0,0.0,47333.334625831965,COC(=O)c1ccc(cc1)C(=O)c2c3CCNCc3sc2NC(=O)N4CCCC4,c1ncc(Br)cc1c2ccccc2,0.010442714960977938,2306.0,2626.4564800000007,51498.98491236967,0.019342151669569617,7496.9,2284.9465600000008,347315.7684898108,0.01958861667526877,6478.6,0.0,195966.24133667728
0.9009700822259352,418599.8,3866169.03971,3297894.0169263156,C1CNCCC1c2ccccc2,CC(=O)Nc1ccc(Br)cn1,0.5058989626136396,330667.4,2101122.5353900003,2399761.7936240206,0.14548895908580264,96352.1,321734.57533,1680598.946185919,0.3215459106969211,133952.2,1809075.29378,2678119.9638813045
0.07181041614880854,21118.0,1537808.40424,1280785.4794883085,CC(C)(C)OC(=O)[C@@H]1CCCN1C(=O)[C@@H]2CNCCN2C(=O)N(c3ccccc3)c4ccccc4,c1ncc(Br)cc1c2ccccc2,0.0035583321786687907,844.9,9147.78343,198813.10104455505,0.022218105301462048,4689.2,518003.87105,495197.6256768196,0.0,0.0,11419.16127,295367.78058851784
0.10235428324705803,52722.2,1318339.37196,1693934.8987943828,OC(=O)[C@H](CNC(=O)c1cc2cc(CCC3CCNCC3)sc2s1)NS(=O)(=O)c4cccnc4,c1ncc(Br)cc1c2ccccc2,0.006991016544970829,2839.3,5260.7315899999985,171192.21176928372,0.004070977184967008,1488.3,32861.8384,574494.5965137987,0.010501249406471971,875.8,9083.9892,93401.45447759303
0.010318266581776064,3101.9,1629518.51047,399453.1309369003,C1CNCCC1c2ccccc2,CCOC(=O)N1[C@H](CC)C[C@H](Nc2ncc(Br)cn2)c3cc(ccc13)C(F)(F)F,0.0,0.0,902498.31884,79513.84811147575,0.0,0.0,57332.21575,187458.45579695256,0.0034253547444360066,2501.9,4724.23285,185510.93732161776
0.2958000750739578,214657.5,871863.15684,1931242.639910967,C1Cn2c(CN1)ncc2c3ccccc3,c1ncc(Br)cc1c2ccccc2,0.812741219370636,332718.7,1815623.86336,2715092.29727852,2.197300955000029,304262.9,1793378.47827,4292963.143664118,0.6765156513401817,147962.7,0.0,2501023.464188381
0.4955880836642944,199469.0,3009604.38885,3231868.0267661875,C1CNCCC1c2ccccc2,FC(F)(F)c1ccc2nc(Br)ccc2c1,0.3155482219233783,66568.4,3550069.84537,1987380.0993319408,0.7314912091004555,619681.9,3792612.71285,3671096.390054048,0.2993274120597127,31931.5,3121556.62786,1921925.421971225
0.15031050010154665,33600.8,3870602.88229,2470149.93559095,C1CNCCC1c2ccccc2,Brc1ccc2sccc2c1,0.009463859389362388,8237.7,60800.04019,167891.45565464717,0.44942949442157065,418812.2,4153586.21792,3385398.85485671,0.023085372341624624,16385.0,582592.9384,265162.9434687895
0.11138750378110883,113159.2,363963.59168,2748422.143725986,C1CNCCC1c2ccccc2,Brc1cccs1,0.025725323154838317,12815.7,221621.90006,488976.3078806483,0.049888912747500166,29878.4,80002.91431000001,954634.3827286479,0.039805390648637966,34573.8,504.84361,772014.99144851
0.032573998509578685,11469.8,143165.42497999998,619502.4563682982,C1CNCCC1c2ccccc2,COc1cnc(cn1)C(=O)Nc2cc(c(F)cc2Br)[C@]3(C)CS(=O)(=O)C(C)(C)C(=N)N3,0.0,0.0,11900.73662,131877.93967798425,0.0,0.0,5502.10242,129330.95455463225,0.0,0.0,0.0,242734.56590808666
0.5526593294696381,288090.2,3126737.56686,3278149.3388633747,CCN(CC)CCN1CCNCC1,c1ncc(Br)cc1c2ccccc2,0.2472436959751444,220223.1,957992.87215,1520381.6151893658,1.1671475085620182,728715.9,5509475.61396,4206575.704720268,0.038223585514025736,14711.7,792812.44277,571183.4673976583
0.2313625499619572,86937.0,2655317.39378,1763773.823226318,Cc1cc(Nc2nccc(OC3CCNCC3)n2)cc(c1)c4cnc(s4)C5(O)CCC5,c1ncc(Br)cc1c2ccccc2,0.038643545083320574,7899.1,738301.59214,487128.3040348017,0.04537686309182881,4896.1,647962.66581,710296.6649208029,0.051507212719592986,11688.3,747598.86242,374007.01676661975
0.3228047433446324,321088.1,2657676.38962,2341579.946953032,C1CNCCC1c2ccccc2,Brc1ccc2NC(=O)OCc2c1,0.020127165779811197,17279.2,82387.42525,196026.3006220431,0.01038679708471388,8121.5,59929.01287000001,46017.50132754772,0.04925508809760186,48457.2,0.0,929822.8317038119
0.6711412221059565,315690.2,3200458.91159,3264160.644968862,C1C[C@H]2CNCCN2C1,c1ncc(Br)cc1c2ccccc2,0.15615896770240287,95822.5,711911.05915,1466162.1128966354,1.407485146647006,349162.3,4226660.15946,4639622.112028416,0.02091160758099012,2258.6,234014.94927,517613.8629970704
0.37446934773863055,267425.3,605913.13766,2441648.7577584824,C1CNCCC1c2ccccc2,Brc1ccc2NC(=O)NC(=O)c2c1,0.02967530756791632,20646.8,42172.67466,376046.8665693949,0.0023695982819923987,1091.5,1612.29124,19310.468077428788,0.016592663087859217,14568.7,0.0,141400.0724875348
0.3035525263764939,241919.1,3017011.89709,2509533.8172805444,C1CNCCC1c2ccccc2,Brc1ccc2NC(=O)CCCc2c1,0.03005541707311668,25499.1,348702.70246,223288.28738190248,0.13393099032848582,130659.9,894803.32925,1576926.1667615268,0.0207254062446016,15824.6,0.0,164217.36675564494
0.005865796281597808,3556.2,55073.52588,77734.99426775507,COC1=NO[C@@]2(C)CCNC[C@@H]12,c1ncc(Br)cc1c2ccccc2,0.011962217296973656,7368.3,82922.44551,60535.85122190571,1.3872935937872723,26170.6,4068721.09625,3818417.0953857657,0.013829648210195404,4571.7,132721.08555999998,74979.27246364202
0.9223519949297224,324533.7,3699842.44371,3884270.8817944084,Cc1ccc(CN2CCNCC2)cc1,c1ncc(Br)cc1c2ccccc2,0.9495349924156354,155619.1,3214169.47346,3282466.756155117,1.1179815398258153,1044885.0,4891198.57341,4787458.129471127,0.8378807905025554,169131.6,3001363.786000001,3751123.2153134146
0.03921134769548888,2002.5,381040.81392,977977.266381698,FC(F)(F)c1nnc2CNCCn12,c1ncc(Br)cc1c2ccccc2,0.13901893140931598,16659.0,2323797.99533,1114038.74602726,0.940072211794593,140987.8,3698107.29994,3320008.8935356727,0.3278752971863242,204917.7,2768819.73592,1672263.6684504247
0.7725955068302313,163268.9,1975769.49777,2393068.0013881996,O=C(Nc1cccnc1)c2nnn(Cc3ccccc3)c2C4CCNCC4,c1ncc(Br)cc1c2ccccc2,0.6601795807332115,179583.7,2066436.49591,2009040.9421686688,0.01140509253060071,5706.7,44034.19045,257880.8953196728,0.32283953290318856,29075.8,951265.08675,1503215.3802183426
0.43174866344260987,20988.9,4106933.1001,2008644.1480538712,COC(=O)CC1CCNCC1,c1ncc(Br)cc1c2ccccc2,0.5227365977883884,228687.8,905445.35766,2292686.913264598,1.931104958427483,184342.7,4385047.74159,4416299.710441718,0.04572953840291085,16488.0,568609.25284,625534.2479524694
0.021659445052990552,5218.2,0.0,1465607.4594228494,C1CNCCC1c2ccccc2,Cn1cccc1Br,0.021055639190501657,14473.2,32788.008330000004,709308.5383709917,0.033945852363928844,26242.7,78091.66294,408950.29126640357,0.009553213421718606,5482.7,69291.54622999999,206606.56071329728
0.11674394083700128,25642.9,1470066.03902,1631338.6764837787,C(C1CN(Cc2ccccc2)CCN1)c3ccccc3,c1ncc(Br)cc1c2ccccc2,0.012994681151699612,1080.6,100407.57156,354363.4597426072,0.5653524697681588,269592.0,2270074.5531900004,2793371.952747914,0.058559132473870235,9422.1,161606.93686,1048148.4595233011
0.008772685262981009,835.3,25816.87657,959272.871898192,C1CNCCC1c2ccccc2,Cn1cnc(Br)c1,0.015148277982676988,11776.7,20346.89988,173479.81773832833,0.011616416955710791,4747.0,7467.35978,50594.0479756774,0.0131673381359613,8791.7,147155.32502000002,179745.24970648353
0.1751004795468564,140209.1,2205571.84959,2362709.8998724604,C1CNCCC1c2ccccc2,Brc1ccc2cnnn2c1,0.20708151627373853,103413.9,2407024.11536,2395445.793016872,0.2110332554953559,186113.9,1327852.7561,2614992.530131634,0.05653247248688844,29252.4,1740555.37243,798599.6320713721
0.75456306240108,566332.1,3061623.03929,2607032.6613319465,CCOC(=O)C1CCNCC1,c1ncc(Br)cc1c2ccccc2,0.9114741601119808,947185.9,2904477.94802,3396056.6914257426,2.4096386992048195,180212.3,4490934.01875,4509135.881250584,0.9389447771880712,312235.1,2969483.00185,3357284.7918700906
0.609582394415207,406423.7,3979217.66158,3477222.3959805616,C1CNCCC1c2ccccc2,Brc1ccc(cc1)c2ocnc2,0.03918922876532359,36263.6,116609.90403,313700.9529867146,0.5864040522361788,444240.3,3186459.96865,3425298.6522688763,0.052233625686404335,27367.5,921722.09829,721354.5088719398
0.26375312862392675,184181.5,1446427.5209,1899153.1534789137,NC(=O)C1CCCCN1,c1ncc(Br)cc1c2ccccc2,0.3186054329327255,284048.5,984543.67763,1250659.0674071577,0.002383496510278791,1985.7,0.0,57095.33653729637,0.08688258704687475,70415.6,619676.81412,1118469.7041663276
0.32841421013792743,189499.4,1753176.0830400004,2615480.2794371448,CC1(C)CNCCN1,c1ncc(Br)cc1c2ccccc2,0.05288232168044528,39704.1,308984.00947,659809.8771523114,0.6212097213388437,327485.8,467266.64198,2611112.7588197947,0.3295654425507113,277975.4,900330.11495,1750567.9343152044
0.4091100213606985,237797.0,1848803.77231,2712938.1013136758,CN1OC[C@@H]2CNCC[C@]12c3ccccc3,c1ncc(Br)cc1c2ccccc2,0.18854600588185755,91569.8,1939263.91986,1485390.5662629523,1.130567813361825,256175.7,3950333.63676,4424615.637444966,0.11338533761885015,22778.4,1196150.91842,1473701.47293211
0.2860044567299826,132146.3,1817488.47324,2344112.1186072896,C1CNCCC1c2ccccc2,Brc1ccccc1c2nnn[nH]2,0.08344354105757333,65039.0,7693.3515,1127401.2778732807,0.03313941897235822,21492.6,80823.23664,175820.16366083233,0.027684135197998186,20251.9,0.0,376687.41464273666
0.20891503154199573,138736.9,2147833.6036400003,1626116.5792361645,C1Cc2c(CN1)snc2Nc3ccccc3,c1ncc(Br)cc1c2ccccc2,0.40152889816364656,380051.8,1680343.81239,1777281.5884780744,0.5011079468320266,371891.5,3866279.62758,2441353.149950113,0.3289141187453994,29312.3,1777880.06924,1643744.5286800745
1.0888632287474478,372099.3,3977377.61117,4012387.1471467875,C(CN1CCNCC1)Cc2ccccc2,c1ncc(Br)cc1c2ccccc2,0.005518737233181343,2591.2,1809236.25645,93691.89379632092,1.2350347882859685,343902.6,4812940.35364,4945342.631737978,0.4569194788932107,223309.8,2282565.5682,2477158.353819215
0.2664460398380909,132731.8,2126466.35997,3154262.489437689,C1CNCCC1c2ccccc2,Brc1cncnc1,0.313397837115505,226643.8,3077241.95398,2148258.6341587654,0.2494822957928121,194435.1,2969125.1934,1659103.8001575884,0.19323593199785447,99433.8,3834431.08572,2182705.163977096
0.012220133789059352,7201.7,28342.115380000007,638064.0645647091,C1CNCCC1c2ccccc2,Cc1[nH]cnc1Br,0.015297770237181124,6160.1,17765.29634,190428.22221417958,0.01621746004646709,13108.8,7543.82421,23347.916092128256,0.016840016023054433,13208.8,205997.85542,146384.21687486276
0.7842323590273994,531900.5,4150812.9335,3722356.156246679,Cc1ccc(CC2CCNCC2)cc1,c1ncc(Br)cc1c2ccccc2,0.8590960580501104,663146.9,3823504.63507,3323424.067986173,1.8243356801417931,326080.3,6638521.67617,5304005.137023335,0.9849940988783616,220079.3,3785779.8691,3931729.828067186
0.25418248849225944,122571.6,1612221.0853799996,1684551.593308875,C1Cc2c(CN1)snc2Nc3ccccn3,c1ncc(Br)cc1c2ccccc2,0.011997325655808468,6704.0,19317.76195,43736.45141152371,0.03169182641865745,13465.8,514833.34489,205426.86028546403,0.026357596070801362,1919.6,176238.05200999996,199215.5424327157
0.01306089445480418,9759.5,5500.15763,721426.2452833487,C1CNCCC1c2ccccc2,Brc1cc(on1)C=O,0.017800786973627792,14931.9,1099.05353,235818.6306437329,0.013270492595053996,11443.8,1824.15069,357866.3016494454,0.017412250214320104,15483.1,2318.3424,408833.90228630335
0.7959423417185163,593123.1,3126660.43961,2812828.1283169673,CC(C)(C)OC(=O)N1CCNCC1,c1ncc(Br)cc1c2ccccc2,1.2772885260199032,537194.6,4199818.38621,3246398.947922187,1.532840393718468,806897.3,4912265.71489,4410188.97576811,1.474057651032958,718043.7,4891794.67955,4187322.2510199407
0.005919302474913128,3691.0,95755.76754,334962.11321449315,C1CNCCC1c2ccccc2,Brc1c[nH]c(C=O)c1,0.008038214674280416,5618.7,1103.56385,231611.9584876742,0.007485577505449661,6939.7,1803.65693,23343.83194648488,0.012162817469501354,9759.3,5570.46212,340553.312267287
0.6051547167071222,46670.5,3574521.97226,2203363.2743569426,CN1C(=O)C(=Cc2ccccc12)CN(CC3(CCOCC3)N4CCNCC4)C(=O)C5CCCCC5,c1ncc(Br)cc1c2ccccc2,0.06440208067416038,4692.4,676265.29931,903934.3979799206,0.558827642370051,6793.5,3528560.5556900008,2248422.1456437963,0.1262130687944792,936.4,1355686.82101,1009914.9384073509
0.3926053308144935,149425.0,2258817.13105,3514948.7615554575,C1CNCCC1c2ccccc2,CC(=O)c1cc(Br)cs1,0.06627232990584528,42072.2,794958.47674,1091462.7865760617,0.025973839716202686,13945.1,152357.13897,292786.4073527136,0.030835410090269706,22271.8,200405.57721,384515.24252066045
0.2852492592836077,251662.3,6303578.47136,3953211.7057591546,C1CNCCC1c2ccccc2,Brc1ccc2ccoc2c1,0.018394503258288075,17961.0,219113.44104,87670.38531038251,0.13959434354611774,135637.5,3700871.15544,2418306.0330018564,0.010949686631210804,10185.9,36628.65151,320961.2864900541
1.159794394066494,977764.2,3879440.07902,4608083.515678967,C1CNCCC1c2ccccc2,Brc1cnc2ncccc2c1,0.10300257181054573,43923.5,233000.65453000003,1074861.42494768,1.8977070721992455,691124.8,4263374.55125,4829547.00866054,0.4455442292465192,203469.0,2320443.90594,2527080.3026109356
0.883379259456117,475996.9,4138398.37639,2980891.3893255666,FC(F)(F)c1ccc(Oc2cccc(C=C3CCNCC3)c2)nc1,c1ncc(Br)cc1c2ccccc2,0.14383521842453967,127969.0,1243241.3004299998,919998.7464318838,0.22962285008050656,149228.4,1554370.80869,2193437.788042458,0.06079577033179541,25552.9,1822156.5927,530434.8728760834
0.920485227178708,558497.6,4802879.06403,4161759.3630493083,C1CNCCC1c2ccccc2,Brc1cccc2ncccc12,0.21068231678389784,138335.8,2556722.28957,2131066.3735519294,1.0380655925923297,935959.8,5348872.76355,5189193.167986142,0.276181984063819,196340.7,2401683.6041200003,2357143.284976553
1.3462324126809373,701148.4,4376748.3842199985,4623828.260430105,C1CNCCC1c2ccccc2,Brc1ccc(nc1)c2cccnc2,0.8163157321622986,420558.6,3797516.8636,3432955.1718611475,0.4020891879846773,84717.9,4416195.99371,2895754.71658733,1.2963732565074153,669296.9,4006140.8351,4823352.970188064
0.0165586006917592,9027.1,352590.52327,568557.457534363,C1CNCCC1c2ccccc2,COC(=O)c1[nH]ncc1Br,0.0045722399371953045,3019.2,1808.73403,20081.741458719393,0.08127877447563832,23591.4,3797.55491,895912.594376577,0.007665458087091933,4442.1,868.8961800000002,23494.609636758898
1.7032963477127134,1079097.0,5633532.4254,4753255.622317982,C1CNCCC1c2ccccc2,CC(C)Nc1cc(Br)ccn1,1.8763860782365165,830788.7,4524878.93427,4013904.287843179,2.5389555119307925,1040743.0,8016421.68743,4545838.076115195,1.5448359589256433,958170.6,5583318.41878,4774848.749054014
0.013196910880800628,12669.4,36505.017,346628.2967941268,C1CNCCC1c2ccccc2,Brc1cn(Cc2ccc(OCc3ccccc3)nc2)cn1,0.011021595725005022,5542.0,136647.79150999998,70491.1328901668,0.003982481379447541,3447.3,49699.65005,159783.69557856434,0.011162272379816138,6356.5,13618.41766,82765.71109102604
0.3577226556337562,281174.3,1827240.82044,2041779.292301555,CCOC(=O)C1CNCc2ccccc12,c1ncc(Br)cc1c2ccccc2,0.6350960104072916,436591.1,2604032.61997,2446042.6267580185,0.9320197081871072,562649.3,2950326.16616,3301557.442970778,0.013446136588633605,11593.7,0.0,74424.1669798223
1.3086203729897234,646237.7,1549606.65637,3455352.211194726,CS(=O)(=O)N1CCNCC1,c1ncc(Br)cc1c2ccccc2,0.3433515632882062,264429.7,987403.5459,1271537.8118267653,0.5340492875229722,203503.7,3470074.5585199995,2439320.1013184623,0.6786150434264389,458442.6,2226456.96208,2986720.6915963385
0.339973962107444,251005.7,1273672.58551,1856863.9060000775,CC(C)S(=O)(=O)N1CCNCC1,c1ncc(Br)cc1c2ccccc2,0.4406065690040934,220971.2,2027139.9774,1689471.300068507,1.4709981055872576,560317.3,3821140.479,4418274.269731101,1.0934104939390157,512899.4,3385184.84652,3478850.4591113273
0.323343935784378,339209.0,1919363.89113,2582051.6815071255,C1CNCCC1c2ccccc2,Brc1cccc2[nH]ncc12,0.038645595730592466,11048.2,49243.45784,597794.809980746,0.017143062680999962,17825.0,9011.20759,153924.16855890656,0.013703884380259577,7688.7,0.0,120924.01066510705
0.03629397555932656,21032.7,743168.3135,976341.5104038684,CN1CCN[C@H](C1)c2ccccc2,c1ncc(Br)cc1c2ccccc2,0.00988021782433715,6708.0,9340.08377,102070.17600932026,0.19039608514895706,24130.4,2355002.74607,2230613.2333003576,0.007662981440322545,1446.0,23385.86384,41595.34445823016
1.9377841997378944,720831.5,6282331.5124900015,5370644.256748806,C1CNCCC1c2ccccc2,Brc1ccc2ccccc2n1,1.8360635426908591,115591.4,3682817.70959,3040583.722594264,2.350451651593765,395071.2,5297601.218830002,5621250.3822638905,0.7375274259203973,124508.2,3355100.84648,3943309.3282031226
0.02212452989783397,17498.7,144294.21296,628223.6993343654,C(c1ccccc1)c2nnc3CNCCn23,c1ncc(Br)cc1c2ccccc2,1.3135041917188546,875221.6,2658111.20202,2825793.1995565942,1.4048853135667654,1001629.0,3397048.060040001,3529724.57572422,0.7415570124762194,412360.5,2006783.72322,2364327.6115495684
0.2652734594916203,159215.3,2433458.05507,2393729.1484747445,C1CNCCC1c2ccccc2,Brc1cccc2CCC(=O)Nc12,0.1030945775466157,70794.5,1232378.42916,1220802.6563232979,0.15354871053107386,70997.3,959547.41105,1418480.1008808583,0.0942669505296172,55285.7,1835726.71763,1123365.5187664174
0.0031103182710378765,1908.5,16604.33593,387368.974187852,C1CNCCC1c2ccccc2,COC(=O)CC(=O)c1cncc(Br)c1,0.00613660805842483,613.4,12972.81351,181344.33780292555,0.00275040110016044,793.2,64183.17576000001,99542.19256284225,0.003732415459672957,735.2,42935.07943,67753.55217766271
0.22290505120709328,87748.0,3488813.134,3107899.9334794963,C1CNCCC1c2ccccc2,Brc1cccc2cc[nH]c12,0.009992792178659195,5904.6,149061.53078,28040.38916309463,0.04058400376580404,35227.8,1227325.63866,724197.4682245101,0.003463944244619257,2502.0,276.3971,10568.375261097508
0.056972949802483734,27858.2,1371918.07545,1212676.3927610584,C1CNCCC1c2ccccc2,C[C@@H](OC(=O)Nc1c(C)noc1c2ccc(Br)cc2)c3ccccc3,0.0062558994201907525,5505.6,852.13812,85744.13554719079,0.10298985246967587,81586.8,2089216.24796,1734940.4259205263,0.0042710054223509385,2994.0,8054.2927,35395.079646355465
1.0480441271418768,744095.4,2959132.39765,3875002.818376172,CN(C)C1CCNCC1,c1ncc(Br)cc1c2ccccc2,0.4331916985697147,255171.7,1278664.28606,1565654.030659055,1.6138540545796776,707013.0,4639828.99637,4612699.12818808,0.017332581822311836,8576.6,35244.99162,407957.4526112908
0.5458236673735897,278037.5,2625020.0213200003,2574359.4955583974,CC(C)C(=O)N1CCNCC1,c1ncc(Br)cc1c2ccccc2,0.8469438146759747,22638.3,3802014.34187,2312794.15848791,0.9890787734957032,677832.3,3272007.0766,3625320.7878466644,0.6596183511668077,181430.6,4049177.38438,2581700.3823112035
1.9977075845920904,61088.1,3353723.38657,3371810.6561760823,C[C@H](Nc1nccc(n1)n2cc(nc2c3ccccc3)C4CCNCC4)c5ccccc5,c1ncc(Br)cc1c2ccccc2,1.2819414196315475,88352.3,2171390.04796,2561491.6038406617,1.4974059821328158,214363.1,2710115.16194,3417665.0643142066,0.6109168073130711,127739.1,2188632.71507,1800490.8748442568
0.012797886850863405,10146.5,87457.81232000001,677682.2717248881,C1CNCCC1c2ccccc2,CC(C)OC(=O)[C@@H]1[C@H](C)C[C@](O)(C[C@@H]1C)c2ncc(Br)s2,0.021254025428973183,5323.5,0.0,431765.91851328214,0.016046825811405017,14137.0,141581.7471,231947.07799678633,0.0048669842650475685,2149.8,2464.92358,179418.69310346615
0.5399711007993937,95478.5,3775345.40702,3583763.008125855,C1CNCCC1c2ccccc2,Brc1ccc2[nH]ccc2c1,0.003158971965540741,2090.1,0.0,25964.966015079917,0.004165370667857157,2276.6,39324.42149,188721.08891660714,0.004093903598246761,3162.5,421.97861,4038.6907066322424
0.290300461836159,172016.9,1118955.98394,1562555.8843574622,Cn1cc(cn1)S(=O)(=O)N2CCNCC2,c1ncc(Br)cc1c2ccccc2,0.6392902126581728,258447.9,2224258.05149,1991176.4671806542,1.724373497639981,514275.6,3847192.49957,3435732.2378937257,0.9213855680902464,447526.0,3215573.74831,2839161.6408794173
0.3630285913007304,11169.7,3502466.38685,1989532.2612669806,CC(C)NC(=O)CN1CCNCC1,c1ncc(Br)cc1c2ccccc2,0.4259329453877445,220916.0,2727219.91333,1430689.8222736237,1.0403147435702051,262809.2,4970709.44328,3709670.9240016257,0.2710099031145129,108118.1,2522666.36868,1763175.7371574382
0.5034105470755407,309370.7,1938753.83573,2509736.154644442,O=S(=O)(N1CCCCC1)N2CCNCC2,c1ncc(Br)cc1c2ccccc2,0.6935002783076517,350104.6,1923336.64129,2342620.1821671105,1.1725837353181976,899865.5,4215755.72977,4321687.46312955,1.0271988099512812,356725.5,3089605.01135,3498095.2988677053
0.5918385996511405,339367.0,3510813.70214,3525981.024297805,Cc1cccc(C)c1N2CCNCC2,c1ncc(Br)cc1c2ccccc2,0.03105899013369944,21835.7,430428.2049,312082.4798023354,1.1091440136274258,485999.4,4933299.02576,4785761.391895342,0.04900546420410558,41024.4,1007332.30376,482457.9468690918
0.7481328255768906,665293.2,3673278.44132,3853581.4729424655,C1CNCCC1c2ccccc2,Brc1cccc(n1)c2ccccc2,0.18233199084242874,116150.0,1802553.65954,1974721.9794660024,0.990265545597516,827637.8,4204090.93929,4477780.790855323,0.11760053965291922,63423.1,1571206.18379,1003525.8116008281
0.12700005677129314,61742.5,135314.49245,1902424.7658167765,C1CNCCC1c2ccccc2,COc1ccc(Nc2nc(Br)cn3ccnc23)cc1OC,0.029353133714173068,7147.4,298998.55532,405810.40452805336,0.036337652687102734,36284.2,0.0,958766.9314784132,0.07462550901687028,821.0,233044.31225,1000417.5813219306
0.10312215742862324,28092.6,3707721.883,2584875.07437011,C1CNCCC1c2ccccc2,COc1cccc(Br)n1,0.113433952325143,94318.8,342455.03887,1712841.9432184054,0.1822139644383152,126314.0,3873488.03537,2309677.980161071,0.04599821073941685,25306.9,1465784.94128,1593435.8478019375
0.322721317843686,283954.0,2786545.7552400003,2395039.9956641733,C1CNCCC1c2ccccc2,Cc1onc(c1)c2nn(C)cc2Br,0.005534200048012456,3511.0,0.0,53036.815002613155,0.0066756736067824455,2014.5,96831.46089,272647.5876739527,0.08226614090658876,80522.0,15352.72875,1213559.9579703456
0.7235742812560207,488614.3,3710366.94435,3215123.4208131963,C1CNCCC1c2ccccc2,Brc1cccc(CNC(=O)c2ocnc2)n1,0.1280319348499676,48799.5,1328778.94761,1394321.1293534888,0.8040067668132926,552780.3,3401687.93901,2983801.809420291,0.05114358297502418,12872.4,822307.89223,805270.2815098594
0.026687667298860254,20044.8,1851058.25966,855545.215503302,C1CNCCC1c2ccccc2,O[C@H]1CCC[C@H]([C@@H]1O)n2cc(Br)cn2,0.008427138195546779,7807.8,0.0,41774.98045858288,0.041114474539201536,1297.1,212212.72867,395933.4916253185,0.011048285649301971,8272.5,0.0,72216.51815173552
0.413685814514594,233422.8,4212231.74646,3430131.3781874115,C1CNCCC1c2ccccc2,Brc1cccc2[nH]ccc12,0.0039721963986246904,3135.8,0.0,30523.154543552184,0.01189294752889992,9100.6,501105.10217,81056.2289161041,0.006218042143394938,4780.1,298.89846,13096.642435765032
1.226589321364044,905632.6,2745423.31514,4309902.783415785,C1CNCCC1c2ccccc2,COC(=O)c1cc(Br)ccn1,1.3957082825910114,347948.4,3161502.3739,3612703.641096915,1.771463984434887,950722.4,3924079.65097,4530318.142217446,0.9927796958031913,360080.6,3729451.75124,3609193.6945687346
0.38713683640760427,313842.0,2894961.55124,2708319.4136097757,FC(F)(F)C1CCCNC1,c1ncc(Br)cc1c2ccccc2,0.8142964394311868,583313.6,3696879.06939,3409501.86847253,0.9579376346551212,260728.4,5943993.27056,3952439.446478668,0.5182164008771799,156319.2,4982193.58887,2808732.785328923
0.1436212881551741,144109.5,1301954.41203,1912133.9311789484,CC1CCCCN1,c1ncc(Br)cc1c2ccccc2,0.08113304392720726,53964.2,0.0,1175241.2767180328,0.3883300706598902,301244.8,2546959.58463,2213553.0862916512,0.02673092795097612,14548.5,165492.65325,562855.2872935311
0.3391492868356633,153963.5,2725877.1672,2158326.6681261193,CC(CN1CCNCC1)NS(=O)(=O)c2ccccc2[N+](=O)[O-],c1ncc(Br)cc1c2ccccc2,0.005268846710123822,3304.5,3876.61584,153908.16940162177,0.4570151195636486,408795.5,3022222.06783,2758591.533243811,0.005679652337921644,3005.3,7362.35745,211884.2691315583
0.4338950275335953,303899.6,3949174.4961,3886402.69189215,C1CNCCC1c2ccccc2,Brc1ccc2oc3ccccc3c2c1,0.003250795291805668,1167.2,2809.06788,192751.32287590537,0.7061251832564978,515655.4,3905533.06201,3639222.9445458543,0.053647168999744095,43353.2,0.0,968466.8785088809
1.0138530428455628,478777.5,5004515.89356,4328243.400958807,C1CNCCC1c2ccccc2,Brc1cccc2cccnc12,0.22004345000932451,150085.3,2367474.41921,2083005.6266170396,1.031411746256225,549175.7,4997925.7708,4842732.685122,0.07963504791163907,53874.4,1595470.70156,886447.6492906421
0.6922009043278042,629154.0,4165661.91857,3663932.2755970764,C1CN(CCN1)C(c2ccccc2)c3ccccc3,c1ncc(Br)cc1c2ccccc2,0.5704473598270615,473725.5,3431215.65382,1972623.3529712774,1.1135840509877963,193277.1,5690086.444,4607322.210342294,0.6380314457493726,367052.6,4771206.50861,2547693.4442606997
0.10787613767882027,87690.7,2567235.11708,1631059.5246817805,C1CNCCC1c2ccccc2,Cn1cc(Br)nn1,0.021357506091327645,8363.2,488371.95314,681246.5944449157,0.016006344222355154,10540.0,2308.8902,120020.22621071123,0.039846778597305337,33559.2,638308.476,1017729.9905593815
0.1472883531167219,126299.1,2028629.25212,1457456.456966993,OC(=O)C1CCCCN1,c1ncc(Br)cc1c2ccccc2,0.005742385677758557,4343.9,18098.19315,78791.18211784813,0.00467454169598691,2920.9,2254.98918,45058.43383442014,0.004765511609847217,2192.0,13995.04091,78192.48438117396
0.7159481362238078,485975.5,3624558.30522,3831274.7977232854,C1CNCCC1c2ccccc2,Brc1ccc2[nH]c3ccccc3c2c1,0.007147330337069169,3048.4,11526.89629,25299.251934512897,0.0026010285644567947,1176.8,6972.089779999998,149382.66108828055,0.025266306676111017,19568.8,26070.59156,238500.38874851158
0.0065573941217774295,1637.1,82791.03822999999,383509.70764424495,C1CNCCC1c2ccccc2,CC1(C)C[C@](O)(CC[C@@H]1C(=O)NCCCN2CCCC2=O)c3ncc(Br)s3,0.0067076048856141365,5282.1,70756.67936000001,59591.72126259364,0.0026242037942409016,975.5,3170.12303,126837.87249368973,0.01080597930855073,6318.0,123616.01225,70327.0186794146
0.05884009075310286,49969.9,1574072.43131,1695521.4238950422,C1CNCCC1c2ccccc2,Cc1n[nH]cc1Br,0.01468634534508428,12349.2,15252.03956,195916.00258412294,0.02009228992125977,16809.7,0.0,65203.15005794279,0.01568494904037208,14153.8,45995.78756,166739.15711521433
0.0,0.0,1442.06059,177753.33624641018,OC[C@H]1O[C@H](OC2[C@H](O)CO[C@@](O)(CN3CCNCC3)[C@H]2O)[C@H](O)[C@@H](O)[C@@H]1O,c1ncc(Br)cc1c2ccccc2,0.020196569800204883,12235.7,0.0,164465.95243633914,0.0,0.0,9831.46168,184078.1659008663,0.00890284918015563,4643.5,0.0,79731.02933301701
0.6932792928027852,307773.3,3441327.513130001,3014266.351077205,CN(C)CCCN1CCNCC1,c1ncc(Br)cc1c2ccccc2,0.26306798871974985,149936.1,1164893.02257,1615449.0940465347,1.0733396319087978,700384.7,3353042.24403,4633978.416722879,0.08115533832442423,32444.2,476132.02368,1027973.8308249661
0.03602274767318564,28954.8,44382.03553,681656.1027744965,C1CNCCC1c2ccccc2,Oc1oc(nn1)c2ccc(Br)cc2,0.011785422491773941,6121.9,0.0,38074.19327087198,0.006187166241210234,5199.4,1115.19966,73600.72988747542,0.012171419841053948,4572.8,0.0,55685.63986323152
0.37359154929577465,24403.0,25866.22122,2300243.7490828875,COC(=O)[C@@H]1CNC[C@@H](C1)c2cccc(c2)C(F)(F)F,c1ncc(Br)cc1c2ccccc2,0.008352641834369352,8228.2,592.16952,48956.00826728791,0.007376015854432713,2460.9,3530.3974299999995,61965.87889726833,0.0027339692407869643,564.3,0.0,57481.48860426519
0.00663142586736225,718.2,15573.63069,212837.53062230186,COC(=O)C1CN(CCN1)c2ccc3ccccc3c2,c1ncc(Br)cc1c2ccccc2,0.02424006673580073,13840.3,18727.39791,405685.04113730334,0.01820964034978594,17389.5,4608.84808,122939.92555842471,0.008068120513537603,5893.9,33490.84479,37508.0587921845
0.489167407752237,404347.1,2839753.24862,2347510.8499175976,Fc1ccc(cc1)N2CCCN(C3CCNCC3)S2(=O)=O,c1ncc(Br)cc1c2ccccc2,0.4278513910798297,246706.3,2809506.86816,1761939.50834302,0.7966515004873613,393208.3,3573131.3249800005,3334312.5346870143,0.5408722590495117,131503.3,3800931.58879,2820883.067674991
0.22792846836309005,191041.3,2549324.01537,2605405.8594210115,C1CNCCC1c2ccccc2,OC(c1ccc(Br)cn1)C(F)(F)F,0.024110403098072702,25547.4,114471.05048,216500.7346613386,0.015789285409974402,12711.9,141965.68685,65119.33226512741,0.03329099667983562,19113.3,887824.8235,739144.5412535171
0.010047729406252854,2893.1,1256245.75637,580961.2151228489,C1CNCCC1c2ccccc2,[O-][N+](=O)c1ccc(Br)cc1NCc2ccccc2,0.14018666971051266,1596.6,1399347.29302,1587911.4913387836,0.019126795643297063,6773.2,1996531.7948900003,350216.881720001,0.12183820322721327,4246.5,1253017.21407,1035624.5604612577
0.07518643303466588,41748.5,429055.31005,1623858.9892251345,C1CNCCC1c2ccccc2,Brc1ccc(cc1)c2cc[nH]n2,0.018097465027474276,10770.5,83027.16742,32022.40556566064,0.03426303322332508,22511.2,1485.5272,324625.56845937937,0.015294901882896509,7500.6,3643.35412,25486.117110278396
0.15297732209271325,70006.4,2130492.16299,1935489.2209147543,COC(C(=O)N(C)CCN1C(=O)C=CC=C1N2CCNCC2)c3ccccc3,c1ncc(Br)cc1c2ccccc2,0.008157924337157141,4431.4,52616.35942,63221.22750100256,0.0,0.0,5281.13916,169597.48918770984,0.011020457646194543,3654.3,0.0,78529.03576640075
0.3804592872445928,346500.1,3708143.64265,3446598.888061089,C1CNCCC1c2ccccc2,Brc1ccccn1,0.16547736786655184,142035.0,1288791.22111,2099264.534653605,0.2764482187817868,285912.7,295144.60923,2853391.427722629,0.034536996468062964,17798.8,1282602.56568,666177.8731548733
0.002270637484581122,1735.5,36123.1429,333730.45389544434,C1CNCCC1c2ccccc2,FC(F)(F)c1n[nH]cc1Br,0.005647315769973285,2896.0,3521.5396100000007,142828.8756777843,0.0,0.0,2510.66482,88764.48428644743,0.004166070249800229,2997.8,7580.073259999999,134014.19074838943
0.014592681290050926,8650.2,180563.63853,602318.4645916086,C1CNCCC1c2ccccc2,COC(=O)c1cnc(NCc2ccc3CC4(Cc3c2)N(C)C(=O)NC4=O)c(Br)c1,0.0778043415132843,29338.5,518282.60738,1453695.2482159801,0.0,0.0,8588.06761,135625.8565927281,0.051932313597542336,36892.7,409148.37103,1065161.4979423895
0.7249343760494368,510748.6,4324225.11255,3955248.256711196,C1CNCCC1c2ccccc2,Cn1ccc2cc(Br)ccc12,0.03100340070833934,30478.2,15031.95157,524912.8185896474,0.9620482393791334,575716.7,3664502.57485,4472227.346769804,0.013906968249835828,5368.5,0.0,132332.6566900387
0.3033835746673344,268372.2,2420764.6741,2572058.47676772,C1CNCCC1c2ccccc2,CC(C)(C)OC(=O)N1CCN(CC1)c2ccc(Br)cn2,0.08889646122535604,65637.6,29700.45569,1589566.8353371958,0.3003578633665845,280001.8,2536332.07353,2232813.229920468,0.034596826865961404,30187.7,1382.83218,780786.0281652843
0.25811419686117354,233276.1,1976702.21017,2179433.8636170058,C1CNCCC1c2ccccc2,Cc1cc(Nc2nccc(n2)C(F)(F)F)cc(c1)c3cnc(s3)[C@@](C)(O)c4ccc(Br)nc4,0.013584708274215807,4290.4,583350.33068,329404.6005502759,0.026310454273803425,16909.8,493826.50222,569286.3007436607,0.01803361608051759,5394.3,350209.88331,299487.5709665575
0.1360315450992435,45713.7,1806510.91545,1828454.7654910786,CCOC(=O)CN1CCNCC1,c1ncc(Br)cc1c2ccccc2,0.18275347535004602,145563.6,1394158.69332,1032906.1052911261,0.2882909712516665,234556.1,1470763.74332,2379801.4793958953,0.07319672238860889,24508.4,1225675.6672,965272.6093442342
0.8440479429612786,455701.4,2043612.72033,3310253.313773253,C1CNCCC1c2ccccc2,OC(=O)CNc1ccnc(Br)n1,0.02969847134474993,10869.1,143405.08505,730303.0420712273,0.03694531206882278,34273.9,81126.10482000001,582424.2802850676,0.014772423855980075,6821.7,56398.91411000001,115702.34359964986
0.024292336367751247,15343.8,821676.61339,658023.7375795883,C1CNCCC1c2ccccc2,Brc1ccc2NC(=O)Oc2c1,0.002750004528992966,1669.8,15665.1677,84279.49797450258,0.001591086459704293,1252.2,10017.22133,46324.12712754164,0.0035446082119830625,672.7,32612.18153,30887.069569493182
0.024415665137393704,19766.4,319182.00058,962810.0279943278,O=C(NCCN1CCNCC1)OCc2ccccc2,c1ncc(Br)cc1c2ccccc2,0.01744339834715696,15371.7,21902.67849,135794.27203939695,0.7322840098943888,283369.6,2425095.12667,3191633.902475979,0.006659931369537678,4288.8,736.14073,75210.0618727703
1.1383837761962223,92452.7,4174250.41577,4260919.22389548,C1CC(CCN1)c2ccccc2,c1ncc(Br)cc1c2ccccc2,2.302310513289015,17766.7,4205695.22245,2359533.7971861647,2.4898218873497293,720249.7,5606763.44174,5586208.163584399,1.232740233743302,169229.1,4484587.7725800015,4470470.484489574
1.0090289976998872,69444.1,1849867.4955400003,2711254.9558704393,Cc1onc(C)c1CCC(CC(=O)O)NC(=O)CNC(=O)CCCC2CCNCC2,c1ncc(Br)cc1c2ccccc2,0.05475707928287475,13330.6,150210.71755,791093.3878814209,0.04413718586989676,1707.5,13103.51997,647483.1485074584,0.006104850362074672,1723.0,10437.90821,125393.09453303492
0.0,0.0,18259.79392,522432.63785494526,C1CNCCC1c2ccccc2,OC[C@H]1O[C@@H](Oc2c[nH]c3ccc(Br)c(Cl)c23)[C@H](O)[C@@H](O)[C@H]1O,0.004501785520979001,2844.5,0.0,86654.54523389654,0.0,0.0,4586.0798,424822.12967153965,0.004322659975705225,2904.1,13919.61006,148043.57674817918
0.2473184590588499,243551.7,4038469.75907,2272172.9413776295,C1CNCCC1c2ccccc2,Cc1nsc(Br)n1,0.04918240122823997,19560.2,2531972.16954,880548.5475027664,0.24801369159038605,95556.6,3598453.3079,2213425.773686533,0.03993919926685125,21842.8,2578944.3615,556448.4067413553
0.04985391012219501,6743.2,265970.92812,1082521.6012660705,C1CNCCC1c2ccccc2,FC(F)(F)Oc1ccc(cc1)S(=O)(=O)N2Cc3ccc(nc3Nc4ccc(Br)cc24)C(F)(F)F,0.0,0.0,4950.3725,416828.96023556637,0.0090207918250602,1328.4,66156.36383,565399.6357414385,0.0,0.0,9181.93372,424099.9853948443
0.015962252149709706,13350.7,19025.91522,377248.02222162596,C1CNCCC1c2ccccc2,Brc1ccccc1C(=O)N2CCN(CC2)c3nnc(s3)c4nn[nH]n4,0.0039989779829282795,3330.6,6153.25958,120910.26584951035,0.0,0.0,31715.35681,139934.00484696322,0.006851065355410457,5388.8,11189.38127,227814.95796622866
0.17077812305335738,162464.2,2939335.35475,2359777.393499633,C1CNCCC1c2ccccc2,CS(=O)(=O)c1ccc(Br)cn1,0.15759638066752196,128131.2,3512041.11067,1824622.9326273818,0.2607931844716015,213369.3,3268288.936,2335939.7981065502,0.17952622202164534,152118.6,3700933.97171,1689950.5639231687
0.4500590000684593,244557.2,3167632.79755,2845223.5359705184,CN1CCNCC1,c1ncc(Br)cc1c2ccccc2,0.2369456043873165,191642.6,921553.26954,1021429.6317685485,0.8894871957758952,190426.4,4648550.05789,3819370.1735742507,0.19427853265745448,153749.0,1359955.23322,1399867.3945377101
0.0,0.0,2151.28487,107987.3282592501,CC(C)(C)OC(=O)\N=C/1\NC2(CCNCC2)C(=O)N1c3ccccc3F,c1ncc(Br)cc1c2ccccc2,0.0038678573023868774,2580.4,75005.16049,39811.33445199872,0.008139762218133109,6711.4,17728.00029,148212.14421804066,0.003132598426691593,1716.2,13878.01345,72397.91516635925
0.00349718808945669,2800.7,397967.76698,493065.48913166195,C1CNCCC1c2ccccc2,FC(F)(F)c1ccc(Br)c(c1SCc2ccccc2)c3nnn[nH]3,0.0,0.0,27709.11029,186149.05985751312,0.004091977448194814,1100.3,15306.49327,289950.1499151514,0.00395151773104529,1715.7,20353.51905,215829.79060965442
0.2196700591555188,147453.0,2879127.76043,3062509.117012427,C1CNCCC1c2ccccc2,Brc1ccc2ncsc2c1,0.014123136687877168,8230.2,36683.57214,109413.74006958124,0.4761929525315139,425800.5,3601319.0382,3458911.7203563587,0.015713759855098763,7308.3,474090.10339,116087.05911055543
0.02103985637002534,15092.8,447037.73623,286245.76108169503,CC1(C)CNCc2nnc(n12)C(F)(F)F,c1ncc(Br)cc1c2ccccc2,0.013628291158032234,6182.8,108612.29522,172412.20921835472,0.4710284190987429,25832.8,3824741.62724,2651067.596753731,0.03003641624296907,22900.8,261561.95411,477601.8141892862
1.0737431258457253,823740.4,3797812.78048,3066683.6426231693,C1CNCCC1c2ccccc2,Brc1ccn2ncnc2n1,0.7753858481894378,146693.0,2900098.003290001,2939937.1945740837,1.679733513641113,860294.5,4525686.939619998,4104691.7057759305,0.4244602381992295,52090.1,2893039.88008,2965050.2323677456
0.1284206412939106,104571.4,3351891.66185,2410415.5733545516,C1CNCCC1c2ccccc2,Brc1cccc2ccoc12,0.01955542968957733,18312.6,977849.58253,98863.20975312924,0.20654586127316324,174395.8,3073720.82151,2886730.1808262463,0.013216805767858369,11352.8,1014087.97781,74001.22190523185
0.010018108260379415,7475.3,2736480.6253400003,339415.61852386245,C1CNCCC1c2ccccc2,Brc1cnc2occc2c1,0.04613104943798301,8558.2,2150389.1461,616228.7526294072,0.05054879758473637,12403.3,2600403.39045,394597.19567879674,0.02392643724525147,14710.5,1999771.10427,207835.70264033775
0.10135735497732556,72333.2,2494583.29816,1686494.3003788218,C1CNCCC1c2ccccc2,Oc1ncccc1Br,0.045998935869709344,30077.2,51689.39982,727283.6033960703,0.005225446908095715,2950.5,1819.49244,34623.89207402824,0.024930476473531752,20073.0,43289.30335,366055.98968289554
0.055161365600146325,6996.8,1112671.85002,1024531.383436261,C1CCC(NC1)c2ccccc2,c1ncc(Br)cc1c2ccccc2,0.0156936038069497,2183.2,43561.22105,125950.04033449876,0.3831180380792889,234354.3,2706648.14081,2759987.4733332396,0.25992697658793057,152652.8,553404.1261,2369211.0449148347
0.4362911751947368,249128.5,2008973.3755,2194988.6994417734,O=CN1CCNCC1,c1ncc(Br)cc1c2ccccc2,0.252734166868357,142537.9,1199441.2062799998,1230106.3236170125,1.3199131325179192,316715.4,3640920.13422,4146295.9278626814,0.43112116919166094,331799.0,1607686.02414,2342755.1316835745
0.7896518234583801,825266.7,3578689.92166,3098785.107099531,C1CNCCC1c2ccccc2,COC(=O)CC(C)(C)CCOc1cccc(\C=C\c2ccc3ccc(Br)cc3n2)c1,0.031440937083821216,30886.8,576854.25462,689690.1911060706,0.621032719501085,388217.8,3501089.53927,3285330.62020416,0.05751565213361218,44428.0,2205879.67678,619221.0409678537
0.0,0.0,0.0,556323.1831995541,CC(C)(C)OC(=O)CNC(=O)[C@@H]1CNCCN1C(=O)N(c2ccccc2)c3ccccc3,c1ncc(Br)cc1c2ccccc2,0.033260650277443835,27845.7,389103.71603,462816.53876280086,0.03408792039165129,15319.8,592710.89101,353942.0963084618,0.025076998948533998,2425.5,369062.13702,345044.321058162
0.34416898323907835,232397.8,1129950.65341,2661586.4725832026,C1CNCCC1c2ccccc2,COC(=O)c1ncccc1Br,0.03660787570277488,950.0,1403163.61389,730002.5555606681,0.3736701775798487,289503.1,772045.41813,2462061.5881804465,0.039310331913689545,15115.2,1885348.40348,955236.5157770623
0.8683440998226101,588050.7,4248172.9206300005,3896964.3501671134,CCCCCCCN1CCNCC1,c1ncc(Br)cc1c2ccccc2,0.2373637696602688,87676.1,2183024.75476,1746749.2285764434,1.6699462920663113,374609.7,5141237.2069,4915074.512676394,0.5113363933775099,125648.8,2338811.58922,3057104.877764106
0.19983888546652132,2108.6,2849834.11873,1760097.5593141557,NC(=O)C1(CCNCC1)N2CCCCC2,c1ncc(Br)cc1c2ccccc2,0.5837556254812138,269685.0,2600549.81506,1882729.240820322,0.6128353948865909,237468.2,2296314.39136,2412696.1570097893,0.1704327537104885,22352.0,1391671.6884700002,1430917.1624442332
0.002807380985721735,1994.8,5496.072120000002,386512.13038700377,C1CNCCC1c2ccccc2,[O-][N+](=O)c1n[nH]cc1Br,0.005560336850083165,4173.0,612.13925,113701.77934995921,0.0021028131349854103,329.4,802.47727,241293.5363248924,0.005472722906097061,3033.0,655.88967,145721.8683301263
1.7606618157362728,303162.9,4399355.33012,4414297.820062582,CC1(C)CN2CCNCC2c3ccccc13,c1ncc(Br)cc1c2ccccc2,0.05576819291063954,25151.6,27202.28362,464899.3663734545,2.0300342079645377,506322.2,4947875.45732,4895882.360412324,0.010631813434858644,3090.8,77468.49616,153740.36045706982
0.5904252980077607,551830.2,4421177.1437300015,2756239.9846459245,C1CNCCC1c2ccccc2,CCOC(=O)c1csc(Br)n1,0.23321869855956315,117041.9,4238359.20319,2434319.19066,0.7023407871043356,651634.1,3419933.4318,2914690.269549016,0.2834015072561552,164653.3,4116576.78163,1915676.5074656263
0.9675612796103272,701837.7,3178420.70859,3188295.1609404613,CC(C)(O)C1CCCNC1,c1ncc(Br)cc1c2ccccc2,0.0351030742034979,3252.7,3368878.01113,541173.8968710493,1.5506851852943482,920710.8,4222031.44131,4239149.796966,0.017062910412111432,7736.6,2372729.3037400004,76667.56660520706
0.0063279031905128244,919.6,10080.68683,124735.06978913085,C1CNCCC1c2ccccc2,Brc1ccc2[nH]nnc2c1,0.0029112417429729663,1753.5,0.0,16088.949144598293,0.007100061637789317,5757.2,26438.14801,92610.16560760945,0.009633519290117937,7409.0,0.0,47600.9369714937
1.2170170862523009,989575.7,5394711.352109998,3600760.7347726584,C1CNCCC1c2ccccc2,Cc1cc(Br)nc(Nc2cc(ccn2)C(F)(F)F)c1,0.10249549094961,60470.3,1658429.3774700004,1538102.9747718037,0.6366305046580022,462083.1,2767819.69257,3210283.1727662445,0.0468573662754929,20373.7,579550.1781,836356.1867391024
0.4159661504122809,398929.3,3661415.94411,2676485.9363046885,C1CNCCC1c2ccccc2,Cn1nnnc1Br,0.1519345901003778,95190.5,2747060.03535,1961433.796391388,0.2914401740755023,209344.1,1850945.3844,2230642.0545067843,0.12124074273845828,51473.8,2624443.93924,1751676.2723547635
0.5086605270139092,460753.2,3659555.8065,2876836.1272634547,C1CNCCC1c2ccccc2,CC(O)c1ccc(Br)cn1,0.02355655620556924,15109.3,24094.40265,126926.41000184308,0.19445364653703584,136826.2,1460067.03276,2365401.6298708906,0.011983634375662713,9646.0,103512.85367,94639.24471367344
1.3134418012806293,399049.1,4186314.32076,4399235.668520085,C1CNCCC1c2ccccc2,Brc1cncc(c1)c2ccccc2,0.2329145972044019,56982.3,3893861.6734,1819622.243029462,0.015229668360261137,4923.7,1947.04467,274827.02740648563,1.0758359485572229,313707.2,4735489.8515,4060553.498175415
0.9426207038279991,251358.2,5201798.47219,3825570.408495964,C1CNCC(C1)c2ccccc2,c1ncc(Br)cc1c2ccccc2,1.3954620791482766,439667.4,3738938.01797,3987589.3097183085,1.9829270429845656,769421.3,5603913.91264,5544916.707288287,1.1802940843956384,282924.4,4269492.89842,4446508.338445703
1.028652056527489,926632.3,3264594.7348700007,3510241.451598846,C1CNCCC1c2ccccc2,CC(=O)N1CCC[C@H]1c2nc3ccc(Br)cc3n2Cc4ccccc4,0.032290915302366545,27751.1,70641.48789,371600.0878640659,0.9839970501549856,968437.4,3467523.03395,3938449.956523243,0.027444279590862267,22502.1,14316.76671,327561.783272561
0.015455245097543755,10703.7,21000.14135,438961.7641434838,CN1CCC[C@H]1CC2CCCCN2,c1ncc(Br)cc1c2ccccc2,0.036626077132071416,24507.9,74853.27245,624242.5779062917,0.017765367809292158,13994.1,21113.41673,236457.15588788153,0.05278866276211745,24054.4,125863.23088,984030.2833114205
0.21445241489853864,12469.4,1041372.37638,1500682.960294869,Cc1cc(Nc2cc(ccn2)C(F)F)nc(c1)c3cn(C[C@H]4CNCCO4)nn3,c1ncc(Br)cc1c2ccccc2,0.017525102714741003,1460.5,0.0,239888.2271773536,0.06144623379130601,3055.5,0.0,721744.2720692422,0.07767100056529112,1374.0,0.0,556414.0008109193
0.03340051575745185,19033.0,863580.4008,926592.0790117652,C1CNCCC1c2ccccc2,Brc1cscn1,0.03756978056521311,21328.0,315847.52773000003,765165.8821590444,0.10883711141115254,83567.3,35146.65999,1735699.881111134,0.041787195450471805,22236.4,73081.0872,1622648.1492846499
0.0,0.0,3905.7233,399526.94162849,C(OCc1ccccc1)[C@H]2CN(Cc3ccccc3)CCN2,c1ncc(Br)cc1c2ccccc2,0.003911217103083471,2485.0,3584.64024,70035.78611011172,1.057380854437393,271951.8,4007643.99168,4124132.5755145294,0.007554153530280691,1656.4,12531.33655,65543.95173141648
0.3014810793410029,77357.0,2890474.48399,2087877.190428119,[O-][N+](=O)c1ccc(cc1)S(=O)(=O)NC(COc2ccccc2)CN3CCNCC3,c1ncc(Br)cc1c2ccccc2,0.004062531466710983,992.5,1275.8143699999996,178163.25385068034,0.02747064599055268,17649.0,0.0,306766.0071571696,0.0034329923969254124,1811.3,0.0,190372.1813360941
0.0671949721703054,40895.7,302840.42177,1808294.8637376218,C1CNCCC1c2ccccc2,COC(=O)c1nc(nc(OC)c1OC(=O)C(C)(C)C)c2sccc2Br,0.0,0.0,11007.56441,325707.0522729221,0.0022720029190362607,615.2,0.0,214472.25240335008,0.0,0.0,18219.56556,238582.7159828684
0.13836639490539088,85458.6,2913012.95159,1942384.1648249745,C1CNCCC1c2ccccc2,Cc1cc(Br)nc(c1)N(C(=O)C(C)(C)C)c2cc(ccn2)C(F)(F)F,0.05126761913083183,18189.7,1647388.45882,1353949.0768455716,0.09194750869110536,56394.0,2455958.5334,1450645.885188576,0.06747795721177424,48501.3,1849215.89456,657717.3768484903
0.011000954802835429,6954.5,298101.32938,285614.3599434478,C1CNCCC1c2ccccc2,BrC1=CNC(=O)C=C1,0.015927172704595868,10588.3,6140.36693,82264.15720604389,0.005792913585081671,1781.0,4391.07895,31867.887817605842,0.024187069327051443,17307.8,3595.17616,267926.292458031
0.01231138234056163,4074.5,1542228.67819,338242.0751457573,CC(C)(C)OC(=O)N[C@](C)(Cc1ccccc1)c2oc(CN3CCNCC3=O)nn2,c1ncc(Br)cc1c2ccccc2,0.007198125079910402,2471.5,473125.00003,242103.09831826217,0.00401399698553586,227.7,1094832.18599,127765.85266101001,0.0040448308160586696,1885.4,625727.7992199999,31270.475730580754
0.009800650159340884,3553.9,2263.17995,221163.49812558934,CC(C)C1=CC(=O)N2CCNCC2=N1,c1ncc(Br)cc1c2ccccc2,0.013312492753247892,9150.7,997.85719,61603.798477967284,0.3786525011853959,347541.2,1326624.59234,1750349.7617501537,0.007875292483099596,6969.7,4489.064820000001,84577.51827811224
0.3341852224237614,303094.2,2251478.76355,2652456.783534806,C(Cc1cccs1)C2CCCCN2,c1ncc(Br)cc1c2ccccc2,0.007611893881029222,1666.8,23018.92149,94793.3685859114,0.4231002474948981,350795.8,1262677.63755,2825586.6417633994,0.014437593200425591,4920.3,75440.28546,96226.10679908551
0.4863961845392067,412098.0,3475819.43262,2770626.5236863885,C1CNCCC1c2ccccc2,CC(=O)N1CCN(CC1)C2CCc3nc(Br)sc3C2,0.07607531505986978,28568.7,1557151.35493,1180837.908967592,0.30238976519439204,275063.8,2040702.23639,2170389.138666445,0.020554700425289524,9634.8,377740.00741,168870.3872200386
0.02045127324723253,6208.8,259330.57906,1333608.947704416,C1CNCCC1c2ccccc2,COc1cc(Br)cnc1C(=O)O,0.01346330690937745,6455.0,46322.62179,297956.07287597883,0.06371599030443396,5612.2,49742.78528,1021720.3263567304,0.0071027396160667595,3362.4,31747.27199,95245.8517215881
0.04788782270961847,4192.1,1604336.30709,728855.6308943436,C1CCC(NC1)c2cc3ccccc3[nH]2,c1ncc(Br)cc1c2ccccc2,0.14396049653420798,79625.4,1168820.96107,1580487.3586020218,0.006418201312231535,1903.6,10117.83638,123967.39959327834,0.21872145487054206,101190.3,2047122.48369,1891554.1884817525
0.006402140060840745,5237.4,411.12729,134748.41652100513,C1CNCCC1c2ccccc2,Brc1cnc(On2nnc3ccccc23)nc1,0.009868603389632524,8955.2,2264.45205,332221.2857758089,0.02670919702108256,4767.8,1557.22609,400710.49188563117,0.015446660534431791,10060.6,9916.37134,127600.44080491763
0.4258391827046525,407144.8,2493479.87657,2618100.3672680673,C1CNCCC1c2ccccc2,COC(=O)c1c2cc(Br)ccc2nn1Cc3ccccc3,0.04623370844324858,23148.7,990019.56722,858916.0917893696,0.8750479547895513,543999.2,2860393.01284,3412463.9147149753,0.05272174487211334,24832.1,571786.19985,860628.3494296954
1.630139253253117,822519.2,4195654.17604,3925318.900811573,C1CNCCC1c2ccccc2,Brc1cccc(n1)N2CCCC2=O,0.5509248786065384,147825.1,2003740.1296,2327031.55411527,2.37169977811758,860357.1,5122168.14061,4360186.891293895,0.31828241756114983,101962.6,1613372.3249,1941732.7398100432
0.4716117184330473,448363.1,2218193.17442,2495824.667265205,O=C1OC2(CCNCC2)c3ccccc13,c1ncc(Br)cc1c2ccccc2,0.5927055581179792,415195.4,2525200.03638,2497695.5459455797,1.2884945881197591,479160.6,4368739.40771,4138529.9106754456,0.7820649452836974,343798.8,3588488.2215400008,3088626.256378716
0.6441141420793789,189932.9,2672538.58632,2377094.0684546395,CN(C)C(=O)N1CCNCC1,c1ncc(Br)cc1c2ccccc2,0.8319865594514921,227449.9,2548099.142,2865153.9408600805,1.6406111910889276,472262.4,4397949.28661,3897960.014744049,0.9424713718302123,528886.0,2969283.4428,3079946.6198493876
0.6278349185689875,495500.0,3379318.94238,3048348.990120356,C1CSCCN1,c1ncc(Br)cc1c2ccccc2,0.2072476342276784,197234.9,1159326.06355,1282986.6086612889,1.06204294814886,1032281.0,4504608.22284,4667269.594872922,0.5988208883212177,441968.2,2972763.69871,3507151.2468867414
1.8533235035498572,723999.9,6063507.0768,5612289.539529079,C1CNCCC1c2ccccc2,Brc1ccc2ccncc2c1,0.3215806237412149,125770.6,2325534.37716,2551065.4380869754,1.898705275985952,790851.0,5740763.93199,5403828.074176519,0.3786309518949767,88114.2,2979593.54182,2577066.210504004
0.09594513650408104,9306.4,2867782.3348,1609161.8463969752,C1CNCCC1c2ccccc2,Brc1ccc2OCCc2c1,0.0232286663283952,16416.4,4518.4648,403838.5675165015,0.3322003026743968,252129.2,3933339.89949,3059391.0735853394,0.011920612118366113,7211.9,49286.9212,228999.48580162562
0.8557558774617627,803782.4,4430307.09006,4404306.526644871,C1CNCCC1c2ccccc2,Brc1cccc2cnccc12,0.5580941112475812,386593.8,3184706.11565,2219658.3498732867,0.9958917774874686,822317.7,5425904.249,4363778.041590136,0.4686703609942043,199867.1,3611405.87089,2787287.7134372555
0.6710052378100985,607475.2,2614306.64631,2815467.4204404023,O=C(N1CCNCC1)c2ccccc2,c1ncc(Br)cc1c2ccccc2,0.8902469072026931,658316.4,2751639.11805,3292847.86892987,1.4928106172188536,1028830.0,4351634.038430002,4483871.982281478,1.014595166883753,694199.0,3785856.36985,3713968.048712294
0.02269355110054303,20935.4,272924.41166,693081.8961608491,C1CNCCC1c2ccccc2,COC(=O)c1nc[nH]c1Br,0.0064636856913413395,3951.2,2257.7528,36371.77018807419,0.0024675716132196448,1883.7,4801.7666,18611.049327530196,0.004531331813887753,3792.2,1684.74057,74355.0810804409
0.022729709530533576,5745.0,2568431.5490900003,570919.892235783,C1CNCCC1c2ccccc2,Cn1cc(Br)cn1,0.013728169658412752,9317.7,15688.47562,168426.0769590074,0.03230913661967349,25178.2,9132.27515,193662.54324886407,0.012716476442031971,7556.7,47079.70808,152984.88088130162
0.24951987907221265,140111.7,1502700.11733,1760397.3372319257,CN(C)S(=O)(=O)N1CCNCC1,c1ncc(Br)cc1c2ccccc2,0.5398856536580934,146753.5,1826078.88692,2170581.8571107388,1.5340325943358135,925107.1,3948943.03412,4004300.6286393437,0.7186674098977477,412565.4,2694433.16746,2475451.962430076
0.1825584987719056,53477.5,707324.41081,1998271.265432962,C(C1CCCCN1)N2CCOCC2,c1ncc(Br)cc1c2ccccc2,0.017140028141122518,1644.5,54109.00589,292523.03098473913,0.5616919741048729,378387.0,753120.6157600002,2583761.5454554358,0.03782515842820019,16385.0,60109.7794,627675.5455861763
0.01067451764165468,8965.3,132079.08812,152497.5679986279,C1CNCCC1c2ccccc2,CC(=O)N1CCC[C@H]1c2nc3ccc(Br)cc3[nH]2,0.004207765529287308,1983.6,765.04169,42121.59980153934,0.0034026603404313264,2593.8,7690.77439,48535.39762146799,0.00980667663065956,3461.8,4939.14664,71866.58313741359
0.025915774834212448,15280.2,27938.02223,732589.8944400299,C1CNCCC1c2ccccc2,Brc1nccc2ccccc12,3.92757534862798,1746.2,93251.06739,3218930.2374949083,1.3896708719074449,479731.2,5003288.58417,5281804.717075096,0.1250220421575079,81392.5,42396.99007,1657709.2080793339
0.4294936465264373,176760.0,1642539.26418,2323027.3575076936,CCN1CCNCC1=O,c1ncc(Br)cc1c2ccccc2,1.1259991354680623,264134.4,3479365.94798,2975597.471364673,1.784400972334761,578079.0,4204055.96282,4105105.7328547006,1.105797660623321,166802.5,3633531.74312,3557477.1981412265
0.09102247617322848,67148.2,3214337.13648,2111849.1457813904,C1CNCCC1c2ccccc2,Cc1ncccc1Br,0.028737628300568682,14545.7,2540842.21813,851127.3058627761,0.20907649827151026,105778.7,2061251.93813,2378195.909606215,0.0534295652526034,24805.6,2415480.81501,1040640.1039691258
0.014227773627436026,9356.8,46675.74897,332250.34217443364,C1CNCCC1c2ccccc2,CNc1cnc(Br)cn1,0.029374595429679212,12370.4,14590.04821,690575.7685185068,0.009523867960513736,4656.5,375419.47906,49814.51812696542,0.00814275016439419,3925.4,0.0,95104.26529032084
0.7305430266121102,230318.3,3175170.7355,2337656.804228228,O=C(CN1CCNCC1)N2CCOCC2,c1ncc(Br)cc1c2ccccc2,0.2581341171487431,40222.2,1554812.47483,1466176.359135323,1.312159204478683,335191.2,4314918.0766400015,4213167.01305582,0.24783789394138825,37847.3,1417562.35544,1801168.6298274293
0.006115415882380351,4698.6,5400.8054299999985,588785.4809449341,C1CNCCC1c2ccccc2,CC(C)[Si](C(C)C)(C(C)C)n1ccc2c(Br)cccc12,0.015548608971273924,15375.2,761.94976,230353.5484654415,0.005383054563106773,4641.9,0.0,201451.04023509467,0.012013669536470685,9426.7,7582.39832,191521.9700183827
0.16383308479924458,89387.2,3441956.78686,2794688.419444278,C1CNCCC1c2ccccc2,Cc1noc2cc(Br)ccc12,0.03987749683930725,29548.3,996956.01284,561572.4076819189,0.7144785781314148,584740.7,3260239.53057,3437419.6898412695,0.08123072785564872,84330.2,762934.3544300002,1249432.116484986
0.15248073578728194,33774.3,2515393.26534,2066550.549265183,C1CN(CCN1)c2cccs2,c1ncc(Br)cc1c2ccccc2,0.036630614999879435,36005.4,206894.62646,561044.2561384002,0.11943421693394247,33943.3,4125533.24453,1389316.4848811338,0.050211872943528114,12087.7,803222.2479300002,579872.0625227904
0.10639672789198394,9796.5,39651.60726,1372581.1879184851,C1CNCCC1c2ccccc2,CC(C)(C)OC(=O)NC(CCNc1nc(nc2cnccc12)c3cccc(Br)c3)C(F)F,0.021614265605350225,8643.4,351915.32735,509325.33178276714,0.6784169105763304,12215.1,2997051.55094,2450609.369894066,0.05227684593511505,21756.4,760492.13555,937623.0692232874
0.01624017312281077,4342.9,236473.23115,388996.30490193504,C1Cn2cccc2C(N1)c3cccs3,c1ncc(Br)cc1c2ccccc2,0.005693104394137714,618.5,10166.40576,71129.5083966461,0.020489733613377862,714.1,266020.22298,478503.5888345857,0.01592033945955841,2191.5,0.0,101485.53160818791
0.055995154374756384,44346.6,2343182.1944,939206.1281682085,C1CNCCC1c2ccccc2,C[C@H]1c2ccccc2[C@@H]3C[C@H](CCN3c4ccc(Br)cc14)NC(=O)c5snnc5C,0.0,0.0,12311.11428,61034.046827679296,0.008865742446418644,4487.9,1129408.35516,144698.41526179382,0.019342887753186083,13484.9,19756.0097,133032.53991849412
0.08740884871600076,67653.4,115127.70807,1955635.6636936835,C1CNCCC1c2ccccc2,Brc1cnsn1,0.07212013945837258,45845.9,87549.98981,1183484.235712293,0.10704285380162523,73639.2,35225.5918,1076934.9363771242,0.049930477323106515,23725.4,144087.3746,1686273.579232183
0.15493706912634336,107134.8,1685069.89517,1876928.6901124911,COCC1CCCCN1,c1ncc(Br)cc1c2ccccc2,0.04712498782098554,39128.9,630999.31494,488304.3070530798,0.02125681636379184,14865.1,108469.25771,129251.75423770424,0.09509123128990342,53907.2,1657041.25654,973518.3301620666
0.6384890902432431,664438.5,2292556.03994,2259524.904779693,O=C1OC2(CCC3(CC2)OCCO3)C4CNCCN14,c1ncc(Br)cc1c2ccccc2,0.29025153356607514,125275.0,1739983.99098,1452498.8139727481,0.4752862278609044,108078.9,932044.35447,3257238.448331845,0.5119365251546193,111189.9,2730158.19158,2782954.7556549856
0.05700521053269344,46573.2,615094.44221,1328245.4052330344,C1CNCCC1c2ccccc2,Brc1nc[nH]c1C=O,0.016237788709501218,7848.1,77141.68402,174909.55525126675,0.014371678973155753,12495.6,3386.80374,60672.85394175673,0.01243265442800596,7410.7,295815.43328,285706.9539629578
0.09433240495944006,96123.4,349123.23289,1644531.6009530148,FC(F)(C(=O)N1CCNCC1)c2ccccc2,c1ncc(Br)cc1c2ccccc2,0.09079648608428163,49127.4,1196015.3171700002,981023.0286430136,0.981729343898986,736324.3,4648885.63472,3712862.2106973706,0.7241396253891764,617495.8,3441981.55242,2818454.4888485516
0.5635998400564921,77099.5,3055407.37124,2934095.2172585176,C1CNCCC1c2ccccc2,Brc1cnc2[nH]ccc2c1,0.013613397655820056,12091.3,43327.57101,92460.18969409415,0.00828177698046685,1331.4,0.0,74201.97150153153,0.003284606715166277,1967.8,0.0,21131.45351827102
0.015251707625367657,6274.4,1267608.83306,605079.8963223913,C1CNCCC1c2ccccc2,Cc1cc(Br)ccc1CN2C3=C(COC3)C(=C(C(=O)NCC(=O)OC(C)(C)C)C2=O)O,0.0,0.0,3632.62281,101743.56983081509,0.013312040371325568,9800.4,558892.25748,174873.44945783197,0.0,0.0,5127.91634,269825.5863989284
0.04518407630807405,36156.7,222021.58951,748444.602070146,C1CNCCC1c2ccccc2,CCOC(=O)c1n[nH]c2c1COc3c(Br)cccc23,0.5852996965730406,421748.7,30232.28167,2636847.47152225,0.014440163670774525,7658.8,12243.71795,265468.63838175405,0.498409255539174,315542.8,0.0,2506064.1207624283
0.4391702146141747,401928.8,3949852.12317,4123261.9383576075,C1CNCCC1c2ccccc2,Brc1ccc2cc[nH]c2c1,0.00809797968382017,4428.1,0.0,25095.76712702301,0.006969833123186085,6118.1,87192.80756,203146.33409193356,0.0045120506337907726,3922.9,419.6946,5660.26714137679
0.25185523678081284,217813.4,1354178.96419,2340717.3806567937,C1CNCCC1c2ccccc2,CC(C)Oc1ccnc(Nc2cc(C)cc(Br)c2)n1,0.03388314848168863,8578.4,446488.245,492257.5564528543,0.0,0.0,10540.90247,92901.57522087528,0.01128643069536963,3978.6,122269.24508,70556.63851467194
0.01877927128356005,17031.0,912512.33543,455728.8941885207,CC(C)(C)OC(=O)n1cc(CC2CCCCN2)c3ccccc13,c1ncc(Br)cc1c2ccccc2,0.009822185418259886,3411.3,78043.01204,72269.32695843755,0.020273191292856547,3301.4,794712.46237,308227.0473728609,0.011123190714096348,5412.4,126759.26524,53222.99126556163
0.026743923493509247,15397.6,400901.1883,853989.1190285131,C1CNCCC1c2ccccc2,Cc1nc(Br)n[nH]1,0.032712509114558926,17976.6,232492.29662,889564.4395480992,0.032032818075011626,31891.8,22924.45012,299605.7565971455,0.0387186438507224,31561.7,385507.47213,966199.5266801062
0.6708655390157449,422966.5,2218942.21742,2317404.348568132,CC(=O)N1CCNCC1,c1ncc(Br)cc1c2ccccc2,0.6441534563175645,540299.3,1794849.03162,2471256.7731476794,1.2794779180126288,748244.7,3885009.70894,4144630.6924915486,0.7224429677024349,322837.8,2445782.50033,2575973.2021710444
0.03841910452918487,16366.6,1979839.91195,973450.9727740365,CCCc1c([nH]c(c2cccc(c2)C(F)(F)F)c1c3ccnc(N[C@@H](C)c4ccccc4)n3)C5CCNCC5,c1ncc(Br)cc1c2ccccc2,0.052258996339237584,20088.4,226559.38951,520462.8632752843,0.03290756870652406,12480.1,1575197.6233700004,548671.4477382039,0.014007945273729136,4369.2,93807.25912,279047.02773306414
0.5571324744214997,60328.7,3970775.1618800005,2938059.075265508,CC(C)CN1CCNCC1,c1ncc(Br)cc1c2ccccc2,0.10703043044982516,48943.1,1308698.47549,790275.5890491564,1.4239388663806565,168244.5,4517274.5423300015,4737038.822782723,0.12191901471483298,17026.6,1962438.52491,1134096.9167669716
0.7177313890248679,405252.1,3843119.56667,3775976.1824433496,C1CNCCC1c2ccccc2,CC(=O)N1CCCc2c(C1)n(C)c3ccc(Br)cc23,0.005420262177863203,2507.3,0.0,63386.87212616724,0.3796333268140255,270585.4,2390221.42334,2999367.5478006783,0.008195388936946043,2727.6,11292.75894,162731.21089349443
0.03637016395559122,11437.3,224695.73304,669931.5349015244,C1CNCCC1c2ccccc2,Brc1ccc2c(OCc3nnnn23)c1,0.01105940917139257,5788.8,95224.53305,93712.69984974762,0.02153795302244734,2593.4,500379.98494,108133.63987099941,0.022268410225750025,16581.9,236870.62065,167825.54018266147
0.544158308264885,201331.5,3173998.47487,3289456.4008501265,C1CO[C@H](CN1)c2ccccc2,c1ncc(Br)cc1c2ccccc2,1.0920423703524764,737768.1,4650478.96523,3846907.517566796,1.7647693742549777,383737.1,4937004.56618,4676839.119285489,1.2411615144304746,503729.0,5350322.57642,4242188.267089841
0.2896756769837753,211871.6,2430325.28117,2377328.4149200954,C1CNCCC1c2ccccc2,Brc1ccc2NC(=O)CSc2c1,0.02160065041135766,22288.4,24433.64502,272135.200847305,0.009278580912105,8075.2,28333.37854,92950.13309837805,0.012637609269477414,11900.8,16371.415309999997,109771.82326277114
0.01909241098516782,15660.3,126938.47707,380220.05962871824,C1Cn2ncnc2CN1,c1ncc(Br)cc1c2ccccc2,0.255001509520341,221465.7,271910.73837,941016.2582526304,0.9258115077341889,836208.6,2718415.44985,3072421.454697386,0.2926584827164224,233026.8,765084.27952,1876950.7232156578
0.4694338690292485,327937.3,2244148.57643,2663615.6915415702,O=C(\C=C\c1ccccc1)N2CCNCC2,c1ncc(Br)cc1c2ccccc2,0.7261659740548502,343575.7,2993525.6231400007,2624701.5177323106,0.8624490944584896,184182.3,4185999.64703,3398926.209154502,0.288944810629235,7509.3,3394426.5702,1747848.5587763777
0.22079946599714875,48228.3,1320402.3130299998,1831909.093080735,O=C(N1CCCCC1)N2CCNCC2,c1ncc(Br)cc1c2ccccc2,0.7329948853361528,84998.6,2744771.93431,2379908.6506674015,1.9948303737574824,912170.3,4635001.01853,4433322.447349803,0.6650848963269297,431246.7,2342067.57794,2625796.567660615
1.074621288105514,703383.8,5323645.36772,4639925.628092057,C1CNCCC1c2ccccc2,Brc1ccc2ncccc2c1,0.08104268073138443,65589.9,318622.52659,546264.2119407285,1.2310585372498155,467254.3,5478711.29152,5044493.407608825,0.1372815587834107,54448.2,1765527.50649,1848888.8194834443
0.8298349451039809,661671.3,2788240.24806,2544533.55437166,C1NCC2COCC1O2,c1ncc(Br)cc1c2ccccc2,0.13255486675853753,40813.1,896595.6151700001,1554961.670120477,0.0247568416151262,20608.1,35989.11973,171718.38075196958,0.008564487001260244,4614.4,2801.40148,95585.25051747763
0.0039005386601583297,2848.9,7462.90406,97654.29434451427,CCC1=CC(=O)N2CCNCC2=N1,c1ncc(Br)cc1c2ccccc2,0.005485224908891052,4300.0,11734.03742,47264.16194006697,0.11923159570409288,70690.1,445879.36719,1062829.923136804,0.004368748713595436,1195.0,0.0,70570.739486214
0.5704984295012581,182610.5,3638314.00868,3785670.1858322765,C1CNCCC1c2ccccc2,Brc1cccnc1,0.7827681074797082,729144.5,3608007.99504,3894096.0638564075,0.7243066824600904,456166.9,4649440.71747,3349833.9514729916,0.4919339057537408,450740.0,4287042.5115,3125841.1945188236
0.0052017558438673325,2510.1,121490.41493,788445.1366422297,C1CNCCC1c2ccccc2,Brc1ccc2ncoc2c1,0.005362954007630869,3914.3,0.0,24674.06670020809,0.00971516489933792,3101.0,791880.22352,116306.49521234818,0.004365791278862723,2858.9,0.0,46121.796374125835
0.2657771813677965,129529.3,4465681.54899,2237396.5472056335,C1CNCCC1c2ccccc2,CCOC(=O)[C@H]1CC[C@@H](C[C@H]1C)C(C)(O)c2ccc(Br)cn2,0.07285314990547259,55414.0,3307407.43716,842026.7023973104,0.235517450442755,129202.0,3951856.21807,2506892.2968131755,0.0824172889508475,76536.7,2361823.04911,1002212.2856098603
0.3979289931833894,130891.5,3680468.71156,2347117.354248073,FC(F)(F)COC1CCCNC1,c1ncc(Br)cc1c2ccccc2,0.6637292383673744,416504.5,4150259.22147,2556180.2035278347,0.010821881814397178,5440.7,2859.96752,105002.15410162628,1.035089129306347,404399.8,5023358.71227,3742854.04174543
0.13122730317667386,53596.8,2368542.19719,1895691.196059184,C1CNCCC1c2ccccc2,Cc1cc(Br)nc(c1)N(c2cc(ccn2)C(F)(F)F)S(=O)(=O)C,0.047409489543512484,16866.4,1953201.30291,1472194.7070510606,0.03733011105077102,24554.0,3023263.68691,315705.56347597676,0.04240121491807284,17427.9,1932939.19156,855176.1555510525
0.3249683548697283,269179.9,1775576.49996,2211843.3782324065,C(Cc1ccccn1)C2CCCCN2,c1ncc(Br)cc1c2ccccc2,0.012869412087589266,1599.0,41911.85278,83109.96529621906,0.3414586995174637,53695.2,1861260.12118,2530446.012869639,0.02605422965498998,8499.7,100336.5685,178552.90296033185
0.8624062816424545,501997.9,4407543.61374,4134226.353998793,C1CNCCC1c2ccccc2,Brc1ccccc1n2cccn2,0.17760851091984536,106301.5,2420045.68003,1921268.127048555,0.06371088001859597,48513.0,4294.83096,1223364.9098475855,0.5777924696460895,455236.1,3067866.51545,3334862.8368676384
0.0028798594133897914,1648.6,73000.62844,430657.6656833744,C1CNCCC1c2ccccc2,Brc1cnc2oncc2c1,0.01757420460940421,10402.3,23517.72319,90790.13106830814,0.001388643809026952,253.4,0.0,155651.07977495567,0.011072810577842264,3747.1,36918.38455,229004.51004789566
0.6773294464336639,213758.4,3075899.83666,3193064.0976099162,CN1CC[C@@H]2CNCC[C@H]12,c1ncc(Br)cc1c2ccccc2,0.035292414559722936,25501.0,4971.28579,640012.6782928847,0.013691690802581251,11135.6,0.0,157416.60314947547,0.008780902758203866,5031.2,0.0,152025.0186995654
0.058378566194184425,35585.7,3258661.84586,1138125.1713895476,O=C(CN1CCNCC1)NCCc2ccccc2,c1ncc(Br)cc1c2ccccc2,0.20373779455607208,13756.6,754768.00037,1485593.1891912825,1.667374103246003,517501.9,4340151.81989,4334581.562187863,0.07301510979641247,28366.1,528074.25982,1027520.1546995426
0.02522288169137258,9736.9,1915917.72884,834439.0803826329,C1CNCCC1c2ccccc2,O[C@H](Cn1cc(Br)cn1)C=C,0.004656707476760512,2325.8,6798.9025900000015,16988.583575576824,0.0041902985675845526,832.2,80834.07078,97723.59332280101,0.01309207641423923,13044.2,26977.60694,129149.5328873284
0.07127199801880027,63487.2,1496799.81223,1635290.1407649496,C1CNCCC1c2ccccc2,Brc1cnsc1,0.06148041333556599,44426.3,1402740.25764,864633.6678492292,0.039654700665441016,14971.2,30951.55804,494114.86015011254,0.04041774356134847,34205.5,1664066.53831,467274.19875685935
0.337014487908544,270369.3,1491103.56393,1731612.3055199243,CC(C)(C)NC(=O)c1nnc2CNCCn12,c1ncc(Br)cc1c2ccccc2,0.4907605052603555,330336.0,2052259.80247,1605307.2583959284,0.8778642257873968,482545.9,3277518.47616,3062367.1667581815,0.6664887582566072,534964.0,2212274.65816,2402309.402300861
0.7109323331585532,749248.6,1976430.11947,2564936.210147614,O=C1N[C@@H]2CNCC[C@@H]2N1C3CCCC3,c1ncc(Br)cc1c2ccccc2,0.3456317772925914,191215.7,1063478.12846,1847286.479634388,0.6791897123195003,188150.9,1768731.75895,2574682.361239128,0.3788984406237504,6822.9,1834265.28195,1925457.4538825185
0.19032228036031668,8791.5,1540219.70934,2136571.321909624,CC(C)C[C@H](Nc1snc(C)c1c2ccc(cc2)N3CCNCC3)C(=O)NCC#N,c1ncc(Br)cc1c2ccccc2,0.012221633495033257,3563.7,244232.96198,84796.50115570331,0.060640277346466175,16578.5,1043663.36094,548528.8558709676,0.008286096508025642,2018.6,134812.49155,29244.474615138002
0.7650555149162388,528159.9,3331300.00965,2966930.898690568,CS(=O)(=O)c1ccc(cc1)C2CCNCC2,c1ncc(Br)cc1c2ccccc2,0.2214824552011113,109838.0,1008411.93623,1906120.016627476,1.247607651389333,507966.2,4387345.20729,4247173.419121633,0.5582662457459346,368480.9,2357741.53271,3173479.4691439625
0.20292788102875986,171614.1,1963465.55311,2329177.7598601733,C1Cc2ccccc2C(N1)c3cccs3,c1ncc(Br)cc1c2ccccc2,0.11583661414853122,36931.4,454992.1589,1027978.7538024936,0.6198229889086402,49512.7,2649758.56067,3067264.606620466,0.0264458907062236,18312.1,199538.65776,262451.05280873604
1.3211846839899186,311798.0,4474979.78762,4304615.780531478,C1NCC2C1C2c3ccccc3,c1ncc(Br)cc1c2ccccc2,0.5359079067029263,48792.7,3222021.13149,2223958.3600207693,2.909597937159775,15233.2,4756978.9004,4177596.682453097,0.16082034285793942,92291.9,1664348.36247,1486663.1898247432
0.0044016415465300465,453.8,99500.94316,617871.7670794021,C1CNCCC1c2ccccc2,C[C@@H](NC(=O)C1=CC(=O)NC(=N1)Cc2ccc(Br)cc2)c3ccc(cc3)C(F)(F)F,0.008349259978099386,7766.5,10947.12958,183636.2077351018,0.0,0.0,4412.99244,84889.16014959941,0.0,0.0,13201.59226,239098.1345224735
0.5394171831838245,438020.4,2377925.7958,3166154.475216499,C1COC2CCNCC2C1,c1ncc(Br)cc1c2ccccc2,0.6944781938009119,536330.3,2534274.96471,2849472.300142223,1.775485662050752,1023013.0,4715304.05329,4626854.966526696,0.6371627122034469,251636.9,3004425.48185,3269557.790985065
0.02224251774238464,11597.4,3876295.60116,1136810.6254763093,C1CNCCC1c2ccccc2,COc1ncccc1Br,0.02028529291132146,13116.3,2356082.85426,220833.09913407388,0.16221838970234578,86948.7,1773478.0619400004,2552785.5173599347,0.06671765975732702,50598.9,2167531.6760400003,992229.1101865054
0.8428152666815867,607442.5,3023884.21319,3401965.648457243,C1CNCCC1c2ccccc2,CC(C)(C)OC(=O)N1CCN(CC1)c2cncc(Br)c2,0.8150351612031718,330638.9,2803441.44584,2757726.700162054,1.0971834285112063,808919.0,4313520.98445,3961871.935863479,0.15204227005956947,82933.6,1100702.37335,1523829.602640681
0.8890233608995379,620058.5,3013135.82059,2757038.1885879077,OC1CCNCC1,c1ncc(Br)cc1c2ccccc2,1.3000598177298128,448583.3,3070792.08332,3819362.5774910026,0.941067054788686,791023.7,2487145.17145,3261906.0086260657,0.7529131304555222,65977.1,2695530.89836,2754724.5607383912
0.04410035021197385,33696.2,2993712.38723,1317409.4966627015,C1CNCCC1c2ccccc2,Brc1ccsc1,0.047614107045168524,17668.5,180522.74255,928474.7577424659,0.0597609840858691,52889.2,869267.89236,1262641.8013735877,0.044569650415573286,24603.9,0.0,724738.9701245257
0.6448171915883689,340330.0,2730781.90595,2413066.0597400027,COC(=O)N1CCNCC1,c1ncc(Br)cc1c2ccccc2,0.7872493220142113,155885.6,2824289.08347,2876446.1236309092,1.879488956179016,802616.4,4204630.5756,4305275.962751326,1.1593776910547573,336179.3,2966914.59309,3651721.243725864
0.44818293348072813,153251.0,2176525.74157,2468902.3563016728,C1CNCCC1c2ccccc2,C[C@@H]1[C@H](N(N=C1C(F)(F)F)c2ccc(Br)cc2)C(=O)N3[C@@H](COC3=O)c4ccccc4,0.0,0.0,5868.77463,155831.3415822555,0.011357316192972415,2963.0,155318.08452,323720.40126236004,0.0,0.0,3167.44275,136287.2012857075
0.027152117478684974,16186.8,1411.11706,1026181.0354041137,C1CNCCC1c2ccccc2,Cc1ncc(Br)cn1,0.019100968767677882,14222.1,665.1906799999998,347738.95416869933,0.14421848634724474,68247.0,317953.70482,2396782.2371874843,0.019485953044313692,11897.4,424.79638,325065.61205290176
0.19638604989685252,192278.4,414597.77279,1783955.343931174,CC(C)c1nnc2CNCCn12,c1ncc(Br)cc1c2ccccc2,0.3077233180931476,282964.7,381853.91169,1120234.606115418,1.9743954074623025,898898.2,3221147.94869,3528780.078693899,0.6782342790349033,386902.0,1725680.69978,2231868.7704454646
1.030036406226133,790983.6,4842268.89597,3653163.1812496735,C1CCC(CC1)N2CCNCC2,c1ncc(Br)cc1c2ccccc2,0.15277736780237955,130945.1,744118.58193,1483880.5724086456,1.4121713305921753,882732.2,4460659.89578,4797206.709478579,0.10502681212844917,73037.0,885954.76436,1292976.4681539258
0.06063691493745446,42997.6,3421963.43131,1520674.7807550312,C1CNCCC1c2ccccc2,Cc1nccnc1Br,0.02231206031504276,9112.0,1946287.72916,395444.2617311376,0.09873248696380198,62878.9,2774793.52246,492181.4020771983,0.03435382590145969,21887.3,825923.6871399998,627173.3707763689
0.6280934154723029,55892.4,4219038.42607,2960027.0053279335,C(CN1CCNCC1)C2CCCCC2,c1ncc(Br)cc1c2ccccc2,0.15380346811975934,64413.4,1800301.63397,1544682.8985124,1.5846810531477395,563934.9,5014163.01732,4887346.315354413,0.4443508998029493,285483.9,1862902.88244,2438502.4013137473
0.006089095965220783,980.3,44790.64318,180341.241803116,Cc1onc(c1)c2nnc3c4ccccc4c(OCc5ccc(nc5)C6(O)CCNCC6)nn23,c1ncc(Br)cc1c2ccccc2,0.011343002641204136,1176.3,745.22908,257781.03321979326,0.08548790789841441,2722.2,409929.13371,642942.0585250967,0.03609508390805418,1012.2,389.64065,544729.9920774846
0.0,0.0,113387.55067,584365.2007465084,C1CNCCC1c2ccccc2,Oc1noc2cc(Br)ccc12,0.002550526359473779,885.0,5523.95697,36739.02187704783,0.004400128097465118,2219.0,153205.45079,97558.5516737962,0.004135490867080618,2193.6,25129.0326,14736.611525595315
0.6918392366593407,556704.7,4571213.60987,3110474.080584343,C1CNCCC1c2ccccc2,COC(=O)C(C)(C)CCOc1ccc(Br)nc1,0.05909876954006511,42359.9,1317364.56145,1261252.3615444542,0.4862306155141946,294417.5,3769504.27024,2929429.4720030115,0.013569304500967171,9259.0,463280.91382,121438.72336097587
2.813486083366686,631964.4,4872304.577819998,3960864.547394591,CC(C)(C)N1C[C@H]([C@@H](C1)c2ccc(F)cc2F)C(=O)N3C[C@@H]4C[C@H]3CN4,c1ncc(Br)cc1c2ccccc2,0.7568025073717125,305935.9,1935830.3057,2395388.2966336147,2.9078004123182954,127082.8,5349059.92015,4297940.4411643315,0.3169111517576486,203997.8,914028.16982,2325691.3062636913
